split,text,nombre,email,años_experiencia,skills,educacion_principal,gold_verificado
train,"Ing. Martin Gomez
Buenos Aires, Argentina | +99 585 5162 | martin.gomez@outlook.com | LinkedIn: linkedin.com/in/martingomez

Objetivo
senior consumado con mas de 5 años de experiencia en ingenieria de software y liderazgo de equipos. buscando aprovechar mi experiencia en python y django y fastapi para impulsar proyectos impactantes.

Educacion
Ingenieria en Computacion
Universidad Nacional Autonoma de Mexico
Graduado: 2020

Habilidades Tecnicas
- Lenguajes: Python
- Frameworks: Django, FastAPI
- Bases de Datos: PostgreSQL, Redis
- herramientas: docker, aws, git

Experiencia
Backend Engineer
Nubeles - Fintech, Buenos Aires, Argentina
Julio 2023 - Presente
- Mentorie a desarrolladores junior y realice revisiones de codigo para asegurar las mejores practicas.
- Cree APIs RESTful para varias aplicaciones, mejorando la accesibilidad e integracion de datos.
Backend Engineer
Quantio - Logistica, Buenos Aires, Argentina
Noviembre 2020 - 2023
- Optimice el rendimiento a traves de la refactorizacion de codigo y la indexacion de PostgreSQL.
- Mentorie a desarrolladores junior y realice revisiones de codigo para asegurar las mejores practicas.
- Cree APIs RESTful para varias aplicaciones, mejorando la accesibilidad e integracion de datos.
- Desarrolle y mantuve aplicaciones web utilizando Django y APIs RESTful.

Proyectos
- Aplicacion de Banca en Linea: Diseñe una plataforma de banca en linea utilizando Django, gestionando cuentas y transacciones de forma segura.
- Plataforma de Comercio Electronico: Arquitecte y desarrolle una plataforma escalable utilizando Django y AWS, manejando miles de usuarios concurrentes.

Certificaciones
- aws solutions architect - associate

Idiomas
Español: nativo.
Ingles B2 (lectura tecnica y reuniones).

Certificado en primeros auxilios. Licencia de conducir vigente.",Martin Gomez,martin.gomez@outlook.com,5,"Python, Django, FastAPI, PostgreSQL, Redis, Docker, AWS, Git","Ingenieria en Computacion, Universidad Nacional Autonoma de Mexico",derivado
train,"Lucia Fernandez
Cordoba, Argentina | +47 922 1863 | lucia.fernandez@mail.com | LinkedIn: linkedin.com/in/luciafernandez

Objetivo
Desarrollo backend orientado a resultados con 6 anos de experiencia en la industria E-commerce. Buscando aprovechar mis habilidades en el desarrollo de aplicaciones seguras y eficientes con Python.

Educacion
Licenciatura en Ciencias de la Computacion
Universidad de la Republica
Graduado: 2019

Habilidades Tecnicas
- lenguajes: python
- Frameworks: Django
- Bases de Datos: PostgreSQL
- Herramientas: Docker, Kubernetes, CI/CD

Experiencia
Backend Engineer
ByteForge - E-commerce, Cordoba, Argentina
Enero 2022 - Presente
- Mentorie a desarrolladores junior y realice revisiones de codigo para asegurar las mejores practicas.
- cree apis restful para varias aplicaciones, mejorando la accesibilidad e integracion de datos.
- Lidere el desarrollo de una arquitectura de microservicios para una plataforma de gran escala.
- Implemente medidas de cifrado y seguridad para proteger informacion sensible.
Ingeniero de Software Backend
Pagosur - Salud, Cordoba, Argentina
Agosto 2019 - 2022
- Implemente pipelines de CI/CD utilizando Jenkins y Docker para agilizar los procesos de despliegue.
- Optimice el rendimiento a traves de la refactorizacion de codigo y la indexacion de PostgreSQL.

Proyectos
- Aplicacion de Banca en Linea: Diseñe una plataforma de banca en linea utilizando Django, gestionando cuentas y transacciones de forma segura.
- Tuberia de Procesamiento de Datos: Desarrolle una tuberia de procesamiento utilizando Python y Apache Kafka, habilitando analisis de datos en tiempo real.

Certificaciones
- AWS Solutions Architect - Associate

Idiomas
Español: nativo.
Ingles avanzado (C1).
Frances: b1.

Voluntario en comunidades de software libre los fines de semana.",Lucia Fernandez,lucia.fernandez@mail.com,6,"Python, Django, PostgreSQL, Docker, Kubernetes, CI/CD","Licenciatura en Ciencias de la Computacion, Universidad de la Republica",derivado
train,"Carlos Ruiz
Rosario, Argentina | +65 431 2857 | carlos.ruiz@mail.com | GitHub: github.com/carlosruiz

Objetivo
Desarrollo backend orientado a resultados con 7 anos de experiencia en la industria SaaS B2B. Buscando aprovechar mis habilidades en el desarrollo de aplicaciones seguras y eficientes con Python.

Educacion
Licenciatura en Ciencias de Datos
Universidad Nacional de Ingenieria
Graduado: 2017

Habilidades Tecnicas
- Lenguajes: Python
- Frameworks: FastAPI
- Bases de Datos: PostgreSQL, MongoDB
- Herramientas: AWS, Terraform, Redis

Experiencia
Backend Engineer
Logix - SaaS B2B, Rosario, Argentina
Enero 2022 - Presente
- Cree APIs RESTful para varias aplicaciones, mejorando la accesibilidad e integracion de datos.
- Implemente medidas de cifrado y seguridad para proteger informacion sensible.
desarrollador backend senior
CloudFin - E-commerce, Rosario, Argentina
Mayo 2018 - 2022
- Lidere el desarrollo de una arquitectura de microservicios para una plataforma de gran escala.
- Mentorie a desarrolladores junior y realice revisiones de codigo para asegurar las mejores practicas.

Proyectos
- Plataforma de Comercio Electronico: Arquitecte y desarrolle una plataforma escalable utilizando FastAPI y AWS, manejando miles de usuarios concurrentes.
- Tuberia de Procesamiento de Datos: Desarrolle una tuberia de procesamiento utilizando Python y Apache Kafka, habilitando analisis de datos en tiempo real.

Certificaciones
- Certified Kubernetes Administrator (CKA)

Idiomas
Español: nativo.
ingles c2, casi nativo.
Italiano: a2.

Certificado en primeros auxilios. Licencia de conducir vigente.",Carlos Ruiz,carlos.ruiz@mail.com,7,"Python, FastAPI, PostgreSQL, MongoDB, AWS, Terraform, Redis","Licenciatura en Ciencias de Datos, Universidad Nacional de Ingenieria",derivado
train,"ana paula souza
Montevideo, Uruguay | +89 326 5649 | ana.paula.souza @ gmail.com | GitHub: github.com/anapaulasouza

Objetivo
Desarrollo backend orientado a resultados con mas de 8 años de experiencia en la construccion de aplicaciones web escalables. Buscando aprovechar mi experiencia en Python y tecnologias en la nube para impulsar la innovacion en una empresa con vision de futuro.

Educacion
maestria en ingenieria de software
Universidad de los Andes
Graduado: 2016

Habilidades Tecnicas
- lenguajes: python
- Frameworks: Django, DRF
- Bases de Datos: PostgreSQL, Redis, Elasticsearch
- Herramientas: GCP, Celery, RabbitMQ

Experiencia
Desarrollador Backend Senior
Quantio - Retail, Montevideo, Uruguay
Diciembre 2021 - Presente
- Optimice el rendimiento a traves de la refactorizacion de codigo y la indexacion de PostgreSQL.
- Mentorie a desarrolladores junior y realice revisiones de codigo para asegurar las mejores practicas.
Desarrollador Backend Senior
ByteForge - EdTech, Montevideo, Uruguay
Febrero 2017 - 2021
- escribi pruebas unitarias para asegurar la calidad y confiabilidad del codigo.
- Cree APIs RESTful para varias aplicaciones, mejorando la accesibilidad e integracion de datos.
- Implemente pipelines de CI/CD utilizando Jenkins y Docker para agilizar los procesos de despliegue.

Proyectos
- Plataforma de Comercio Electronico: Arquitecte y desarrolle una plataforma escalable utilizando Django y AWS, manejando miles de usuarios concurrentes.
- Tuberia de Procesamiento de Datos: Desarrolle una tuberia de procesamiento utilizando Python y Apache Kafka, habilitando analisis de datos en tiempo real.

Certificaciones
- Certified Kubernetes Administrator (CKA)

Idiomas
español: nativo.
Ingles nativo.
Aleman: b1.

Me apasiona el clean code y la mentoria de equipos.",Ana Paula Souza,ana.paula.souza@gmail.com,8,"Python, Django, DRF, PostgreSQL, Redis, Elasticsearch, GCP, Celery, RabbitMQ","Maestria en Ingenieria de Software, Universidad de los Andes",derivado
train,"Mg. Diego Torres
Santiago, Chile | +78 311 7067 | diego.torres@gmail.com | LinkedIn: linkedin.com/in/diegotorres

Objetivo
Desarrollo backend orientado a resultados con 9 años de experiencia en la industria Logistica. Buscando aprovechar mis habilidades en el desarrollo de aplicaciones seguras y eficientes con Python.

Educacion
Ingenieria en Computacion
Universidad Tecnologica Nacional
Graduado: 2014

Habilidades Tecnicas
- Lenguajes: Python
- Frameworks: FastAPI, Celery
- Bases de Datos: PostgreSQL, Redis
- Herramientas: Docker, Linux, Nginx

Experiencia
Ingeniero de Software Backend
TechNova - Logistica, Santiago, Chile
Septiembre 2021 - Presente
- Mentorie a desarrolladores junior y realice revisiones de codigo para asegurar las mejores practicas.
- Desarrolle y mantuve aplicaciones web utilizando FastAPI y APIs RESTful.
- Implemente pipelines de CI/CD utilizando Jenkins y Docker para agilizar los procesos de despliegue.
- Optimice el rendimiento a traves de la refactorizacion de codigo y la indexacion de PostgreSQL.
Ingeniero de Software Backend
EduPlatform - E-commerce, Santiago, Chile
Septiembre 2016 - 2021
- Escribi pruebas unitarias para asegurar la calidad y confiabilidad del codigo.
- Implemente medidas de cifrado y seguridad para proteger informacion sensible.

Proyectos
- Aplicacion Nativa de la Nube: Diseñe e implemente una aplicacion nativa de la nube utilizando FastAPI y Kubernetes, logrando una reduccion del 40% en costos operativos.
- Tuberia de Procesamiento de Datos: Desarrolle una tuberia de procesamiento utilizando Python y Apache Kafka, habilitando analisis de datos en tiempo real.

Certificaciones
- Certified Kubernetes Administrator (CKA)

Idiomas
Español: nativo.
Ingles B2 (lectura tecnica y reuniones).

Me apasiona el clean code y la mentoria de equipos.",Diego Torres,diego.torres@gmail.com,9,"Python, FastAPI, Celery, PostgreSQL, Redis, Docker, Linux, Nginx","Ingenieria en Computacion, Universidad Tecnologica Nacional",derivado
train,"Rodrigo Mendes
Sao Paulo, Brasil | +10 598 4431 | rodrigo.mendes@mail.com | GitHub: github.com/rodrigomendes

Objetivo
Desarrollo backend orientado a resultados con mas de 5 años de experiencia en la construccion de aplicaciones web escalables. Buscando aprovechar mi experiencia en Python y tecnologias en la nube para impulsar la innovacion en una empresa con vision de futuro.

Educacion
Maestria en Ingenieria de Software
Universidade de Sao Paulo
Graduado: 2018

Habilidades Tecnicas
- Lenguajes: Python
- Frameworks: Django, FastAPI
- Bases de Datos: PostgreSQL
- herramientas: docker, aws, git

Experiencia
Ingeniero de Software Backend
Logix - Salud, Sao Paulo, Brasil
Abril 2023 - Presente
- Optimice el rendimiento a traves de la refactorizacion de codigo y la indexacion de PostgreSQL.
- Desarrolle y mantuve aplicaciones web utilizando Django y APIs RESTful.
- Lidere el desarrollo de una arquitectura de microservicios para una plataforma de gran escala.
Desarrollador Backend Senior
quantio - retail, sao paulo, brasil
Mayo 2020 - 2023
- Lidere el desarrollo de una arquitectura de microservicios para una plataforma de gran escala.
- cree apis restful para varias aplicaciones, mejorando la accesibilidad e integracion de datos.

Proyectos
- Aplicacion Nativa de la Nube: Diseñe e implemente una aplicacion nativa de la nube utilizando Django y Kubernetes, logrando una reduccion del 40% en costos operativos.
- Aplicacion de Banca en Linea: Disene una plataforma de banca en linea utilizando Django, gestionando cuentas y transacciones de forma segura.

Certificaciones
- AWS Solutions Architect - Associate

idiomas
Español: nativo.
Ingles avanzado (C1).
Portugues: nativo.
Frances: b1.

Disponibilidad inmediata. Abierto a modalidad remota.",Rodrigo Mendes,rodrigo.mendes@mail.com,5,"Python, Django, FastAPI, PostgreSQL, Docker, AWS, Git","Maestria en Ingenieria de Software, Universidade de Sao Paulo",derivado
val,"Sofia Ramirez
Florianopolis, Brasil | +10 764 1849 | sofia.ramirez@outlook.com | GitHub: github.com/sofiaramirez

Objetivo
Desarrollo backend orientado a resultados con mas de 6 años de experiencia en la construccion de aplicaciones web escalables. Buscando aprovechar mi experiencia en Python y tecnologias en la nube para impulsar la innovacion en una empresa con vision de futuro.

Educacion
Tecnicatura en Programacion
Universidad de Buenos Aires
Graduado: 2019

Habilidades Tecnicas
- Lenguajes: Python
- Frameworks: Django
- Bases de Datos: PostgreSQL, MongoDB
- Herramientas: Docker, Kubernetes, CI/CD

Experiencia
Backend Engineer
RetailHub - EdTech, Florianopolis, Brasil
Noviembre 2022 - Presente
- Desarrolle y mantuve aplicaciones web utilizando Django y APIs RESTful.
- Implemente medidas de cifrado y seguridad para proteger informacion sensible.
Desarrollador Backend Senior
saludtech - retail, florianopolis, brasil
Mayo 2019 - 2022
- Desarrolle y mantuve aplicaciones web utilizando Django y APIs RESTful.
- Cree APIs RESTful para varias aplicaciones, mejorando la accesibilidad e integracion de datos.

Proyectos
- Plataforma de Comercio Electronico: Arquitecte y desarrolle una plataforma escalable utilizando Django y AWS, manejando miles de usuarios concurrentes.
- Aplicacion de Banca en Linea: Disene una plataforma de banca en linea utilizando Django, gestionando cuentas y transacciones de forma segura.

Certificaciones
- Certified Kubernetes Administrator (CKA)

Idiomas
Español: nativo.
Ingles C2, casi nativo.
Portugues: nativo.
Italiano: a2.

Certificado en primeros auxilios. Licencia de conducir vigente.",Sofia Ramirez,sofia.ramirez@outlook.com,6,"Python, Django, PostgreSQL, MongoDB, Docker, Kubernetes, CI/CD","Tecnicatura en Programacion, Universidad de Buenos Aires",derivado
val,"Gabriel Silva
Recife, Brasil | +97 986 2151 | gabriel.silva @ mail.com | GitHub: github.com/gabrielsilva

Objetivo
Desarrollo backend orientado a resultados con 7 años de experiencia en la industria Gaming. Buscando aprovechar mis habilidades en el desarrollo de aplicaciones seguras y eficientes con Python.

Educacion
Licenciatura en Ciencias de la Computacion
Universidad Nacional de Ingenieria
Graduado: 2018

Habilidades Tecnicas
- Lenguajes: Python
- Frameworks: FastAPI
- Bases de Datos: PostgreSQL, Redis, Elasticsearch
- Herramientas: AWS, Terraform, Redis

Experiencia
Ingeniero de Software Backend
CloudFin - Gaming, Recife, Brasil
Diciembre 2022 - Presente
- Mentorie a desarrolladores junior y realice revisiones de codigo para asegurar las mejores practicas.
- Cree APIs RESTful para varias aplicaciones, mejorando la accesibilidad e integracion de datos.
- Optimice el rendimiento a traves de la refactorizacion de codigo y la indexacion de PostgreSQL.
Backend Engineer
Quantio - SaaS B2B, Recife, Brasil
Marzo 2018 - 2022
- Implemente pipelines de CI/CD utilizando Jenkins y Docker para agilizar los procesos de despliegue.
- Lidere el desarrollo de una arquitectura de microservicios para una plataforma de gran escala.
- Desarrolle y mantuve aplicaciones web utilizando FastAPI y APIs RESTful.
- optimice el rendimiento a traves de la refactorizacion de codigo y la indexacion de postgresql.

Proyectos
- Plataforma de Comercio Electronico: Arquitecte y desarrolle una plataforma escalable utilizando FastAPI y AWS, manejando miles de usuarios concurrentes.
- Tuberia de Procesamiento de Datos: Desarrolle una tuberia de procesamiento utilizando Python y Apache Kafka, habilitando analisis de datos en tiempo real.

Certificaciones
- AWS Solutions Architect - Associate

Idiomas
Espanol: nativo.
Ingles nativo.
Portugues: nativo.
Aleman: b1.

Certificado en primeros auxilios. Licencia de conducir vigente.",Gabriel Silva,gabriel.silva@mail.com,7,"Python, FastAPI, PostgreSQL, Redis, Elasticsearch, AWS, Terraform","Licenciatura en Ciencias de la Computacion, Universidad Nacional de Ingenieria",derivado
val,"DRA. VALENTINA LOPEZ
Bogota, Colombia | +70 995 7306 | valentina.lopez@gmail.com | LinkedIn: linkedin.com/in/valentinalopez

Objetivo
Desarrollo backend con 8 años de experiencia y una solida base en Python. Buscando un rol desafiante para aprovechar mis habilidades en Django y DRF y el diseño de APIs sobre PostgreSQL.

Educacion
Licenciatura en Ciencias de Datos
Universidad Nacional de Colombia
Graduado: 2016

Habilidades Tecnicas
- Lenguajes: Python
- Frameworks: Django, DRF
- Bases de Datos: PostgreSQL, Redis
- Herramientas: GCP, Celery, RabbitMQ

Experiencia
Backend Engineer
SaludTech - AdTech, Bogota, Colombia
Julio 2021 - Presente
- Mentorie a desarrolladores junior y realice revisiones de codigo para asegurar las mejores practicas.
- Implemente medidas de cifrado y seguridad para proteger informacion sensible.
- Desarrolle y mantuve aplicaciones web utilizando Django y APIs RESTful.
Ingeniero de Software Backend
CloudFin - Salud, Bogota, Colombia
Abril 2017 - 2021
- Optimice el rendimiento a traves de la refactorizacion de codigo y la indexacion de PostgreSQL.
- Cree APIs RESTful para varias aplicaciones, mejorando la accesibilidad e integracion de datos.

Proyectos
- Plataforma de Comercio Electronico: Arquitecte y desarrolle una plataforma escalable utilizando Django y AWS, manejando miles de usuarios concurrentes.
- Tuberia de Procesamiento de Datos: Desarrolle una tuberia de procesamiento utilizando Python y Apache Kafka, habilitando analisis de datos en tiempo real.

Certificaciones
- Certified Kubernetes Administrator (CKA)

idiomas
Español: nativo.
Ingles B2 (lectura tecnica y reuniones).

me apasiona el clean code y la mentoria de equipos.",Valentina Lopez,valentina.lopez@gmail.com,8,"Python, Django, DRF, PostgreSQL, Redis, GCP, Celery, RabbitMQ","Licenciatura en Ciencias de Datos, Universidad Nacional de Colombia",derivado
val,"Pedro Alvarez
Medellin, Colombia | +80 263 7775 | pedro.alvarez @ gmail.com | LinkedIn: linkedin.com/in/pedroalvarez

Objetivo
Profesional de desarrollo backend orientado a los detalles con 9 años de experiencia en desarrollo de software. Deseoso de contribuir a proyectos innovadores con Python y mejorar mis habilidades en un entorno colaborativo.

Educacion
Ingenieria en Informatica
Universidad de Buenos Aires
Graduado: 2015

habilidades tecnicas
- Lenguajes: Python
- Frameworks: FastAPI, Celery
- Bases de Datos: PostgreSQL
- herramientas: docker, linux, nginx

Experiencia
Desarrollador Backend Senior
CloudFin - Fintech, Medellin, Colombia
Marzo 2021 - Presente
- Implemente pipelines de CI/CD utilizando Jenkins y Docker para agilizar los procesos de despliegue.
- Implemente medidas de cifrado y seguridad para proteger informacion sensible.
- Escribi pruebas unitarias para asegurar la calidad y confiabilidad del codigo.
Ingeniero de Software Backend
MercadoStack - EdTech, Medellin, Colombia
Abril 2016 - 2021
- Mentorie a desarrolladores junior y realice revisiones de codigo para asegurar las mejores practicas.
- Optimice el rendimiento a traves de la refactorizacion de codigo y la indexacion de PostgreSQL.
- Cree APIs RESTful para varias aplicaciones, mejorando la accesibilidad e integracion de datos.
- Lidere el desarrollo de una arquitectura de microservicios para una plataforma de gran escala.

Proyectos
- Aplicacion Nativa de la Nube: Diseñe e implemente una aplicacion nativa de la nube utilizando FastAPI y Kubernetes, logrando una reduccion del 40% en costos operativos.
- Aplicacion de Banca en Linea: Diseñe una plataforma de banca en linea utilizando FastAPI, gestionando cuentas y transacciones de forma segura.

Certificaciones
- AWS Solutions Architect - Associate

Idiomas
Español: nativo.
Ingles avanzado (C1).
Frances: b1.

Me apasiona el clean code y la mentoria de equipos.",Pedro Alvarez,pedro.alvarez@gmail.com,9,"Python, FastAPI, Celery, PostgreSQL, Docker, Linux, Nginx","Ingenieria en Informatica, Universidad de Buenos Aires",derivado
val,"Marta Gil
Lima, Peru | +59 334 9956 | marta.gil arroba gmail.com | GitHub: github.com/martagil

Objetivo
profesional de desarrollo backend orientado a los detalles con 5 anos de experiencia en desarrollo de software. deseoso de contribuir a proyectos innovadores con python y mejorar mis habilidades en un entorno colaborativo.

Educacion
Analista de Sistemas
Universidad de la Republica
Graduado: 2018

Habilidades Tecnicas
- Lenguajes: Python
- Frameworks: Django, FastAPI
- Bases de Datos: PostgreSQL, MongoDB
- Herramientas: Docker, AWS, Git

Experiencia
Desarrollador Backend Senior
ByteForge - E-commerce, Lima, Peru
Abril 2023 - Presente
- Desarrolle y mantuve aplicaciones web utilizando Django y APIs RESTful.
- Mentorie a desarrolladores junior y realice revisiones de codigo para asegurar las mejores practicas.
Backend Engineer
CloudFin - Fintech, Lima, Peru
Octubre 2020 - 2023
- Escribi pruebas unitarias para asegurar la calidad y confiabilidad del codigo.
- Desarrolle y mantuve aplicaciones web utilizando Django y APIs RESTful.
- Implemente pipelines de CI/CD utilizando Jenkins y Docker para agilizar los procesos de despliegue.
- cree apis restful para varias aplicaciones, mejorando la accesibilidad e integracion de datos.

Proyectos
- Aplicacion de Banca en Linea: Diseñe una plataforma de banca en linea utilizando Django, gestionando cuentas y transacciones de forma segura.
- Tuberia de Procesamiento de Datos: Desarrolle una tuberia de procesamiento utilizando Python y Apache Kafka, habilitando analisis de datos en tiempo real.

Certificaciones
- AWS Solutions Architect - Associate

Idiomas
Español: nativo.
Ingles C2, casi nativo.
Italiano: a2.

Padre de dos hijos. Fanatico del mate y el asado de los domingos.",Marta Gil,marta.gil@gmail.com,5,"Python, Django, FastAPI, PostgreSQL, MongoDB, Docker, AWS, Git","Analista de Sistemas, Universidad de la Republica",derivado
test,"JUAN DAVID MORENO
Quito, Ecuador | +81 354 6060 | juan.david.moreno@outlook.com | LinkedIn: linkedin.com/in/juandavidmoreno

Objetivo
Desarrollo backend orientado a resultados con mas de 6 años de experiencia en la construccion de aplicaciones web escalables. Buscando aprovechar mi experiencia en Python y tecnologias en la nube para impulsar la innovacion en una empresa con vision de futuro.

Educacion
Tecnicatura en Programacion
Universidad de Chile
Graduado: 2019

Habilidades Tecnicas
- Lenguajes: Python
- Frameworks: Django
- Bases de Datos: PostgreSQL, Redis, Elasticsearch
- Herramientas: Docker, Kubernetes, CI/CD

Experiencia
Ingeniero de Software Backend
Nubeles - SaaS B2B, Quito, Ecuador
Noviembre 2022 - Presente
- Lidere el desarrollo de una arquitectura de microservicios para una plataforma de gran escala.
- Mentorie a desarrolladores junior y realice revisiones de codigo para asegurar las mejores practicas.
- implemente pipelines de ci/cd utilizando jenkins y docker para agilizar los procesos de despliegue.
Desarrollador Backend Senior
SaludTech - Logistica, Quito, Ecuador
Abril 2019 - 2022
- Lidere el desarrollo de una arquitectura de microservicios para una plataforma de gran escala.
- Implemente medidas de cifrado y seguridad para proteger informacion sensible.
- Implemente pipelines de CI/CD utilizando Jenkins y Docker para agilizar los procesos de despliegue.
- Mentorie a desarrolladores junior y realice revisiones de codigo para asegurar las mejores practicas.

Proyectos
- Aplicacion de Banca en Linea: Diseñe una plataforma de banca en linea utilizando Django, gestionando cuentas y transacciones de forma segura.
- Tuberia de Procesamiento de Datos: Desarrolle una tuberia de procesamiento utilizando Python y Apache Kafka, habilitando analisis de datos en tiempo real.

Certificaciones
- Certified Kubernetes Administrator (CKA)

idiomas
Español: nativo.
Ingles nativo.
Aleman: b1.

Voluntario en comunidades de software libre los fines de semana.",Juan David Moreno,juan.david.moreno@outlook.com,6,"Python, Django, PostgreSQL, Redis, Elasticsearch, Docker, Kubernetes, CI/CD","Tecnicatura en Programacion, Universidad de Chile",derivado
test,"Dr. Bruno Costa
Ciudad de Mexico, Mexico | +25 436 1160 | bruno.costa arroba outlook.com | GitHub: github.com/brunocosta

Objetivo
Desarrollo backend orientado a resultados con mas de 7 anos de experiencia en la construccion de aplicaciones web escalables. Buscando aprovechar mi experiencia en Python y tecnologias en la nube para impulsar la innovacion en una empresa con vision de futuro.

Educacion
Tecnicatura en Programacion
Universidad Nacional de Cordoba
Graduado: 2018

Habilidades Tecnicas
- Lenguajes: Python
- Frameworks: FastAPI
- bases de datos: postgresql, redis
- Herramientas: AWS, Terraform, Redis

Experiencia
Ingeniero de Software Backend
TechNova - Retail, Ciudad de Mexico, Mexico
Mayo 2022 - Presente
- Desarrolle y mantuve aplicaciones web utilizando FastAPI y APIs RESTful.
- Implemente medidas de cifrado y seguridad para proteger informacion sensible.
- Mentorie a desarrolladores junior y realice revisiones de codigo para asegurar las mejores practicas.
Desarrollador Backend Senior
Logix - Logistica, Ciudad de Mexico, Mexico
Marzo 2018 - 2022
- Cree APIs RESTful para varias aplicaciones, mejorando la accesibilidad e integracion de datos.
- Implemente medidas de cifrado y seguridad para proteger informacion sensible.
- Mentorie a desarrolladores junior y realice revisiones de codigo para asegurar las mejores practicas.

Proyectos
- Aplicacion de Banca en Linea: Diseñe una plataforma de banca en linea utilizando FastAPI, gestionando cuentas y transacciones de forma segura.
- tuberia de procesamiento de datos: desarrolle una tuberia de procesamiento utilizando python y apache kafka, habilitando analisis de datos en tiempo real.

Certificaciones
- AWS Solutions Architect - Associate

Idiomas
Español: nativo.
Ingles B2 (lectura tecnica y reuniones).

Me apasiona el clean code y la mentoria de equipos.",Bruno Costa,bruno.costa@outlook.com,7,"Python, FastAPI, PostgreSQL, Redis, AWS, Terraform","Tecnicatura en Programacion, Universidad Nacional de Cordoba",derivado
test,"Camila Herrera
Guadalajara, Mexico | +7 977 7582 | camila.herrera@proton.me | GitHub: github.com/camilaherrera

Objetivo
Desarrollo backend con 8 años de experiencia y una solida base en Python. Buscando un rol desafiante para aprovechar mis habilidades en Django y DRF y el diseño de APIs sobre PostgreSQL.

Educacion
Maestria en Ingenieria de Software
Universidad de Chile
Graduado: 2015

Habilidades Tecnicas
- Lenguajes: Python
- Frameworks: Django, DRF
- Bases de Datos: PostgreSQL
- Herramientas: GCP, Celery, RabbitMQ

Experiencia
Backend Engineer
ByteForge - Logistica, Guadalajara, Mexico
Octubre 2021 - Presente
- Implemente medidas de cifrado y seguridad para proteger informacion sensible.
- Desarrolle y mantuve aplicaciones web utilizando Django y APIs RESTful.
- Cree APIs RESTful para varias aplicaciones, mejorando la accesibilidad e integracion de datos.
- optimice el rendimiento a traves de la refactorizacion de codigo y la indexacion de postgresql.
Backend Engineer
ByteForge - Salud, Guadalajara, Mexico
Mayo 2017 - 2021
- Lidere el desarrollo de una arquitectura de microservicios para una plataforma de gran escala.
- Implemente medidas de cifrado y seguridad para proteger informacion sensible.
- Desarrolle y mantuve aplicaciones web utilizando Django y APIs RESTful.
- Mentorie a desarrolladores junior y realice revisiones de codigo para asegurar las mejores practicas.

Proyectos
- Aplicacion Nativa de la Nube: Diseñe e implemente una aplicacion nativa de la nube utilizando Django y Kubernetes, logrando una reduccion del 40% en costos operativos.
- Aplicacion de Banca en Linea: Diseñe una plataforma de banca en linea utilizando Django, gestionando cuentas y transacciones de forma segura.

Certificaciones
- AWS Solutions Architect - Associate

Idiomas
Español: nativo.
Ingles avanzado (C1).
Frances: b1.

Hobbies: ajedrez, running (mejor marca 3h45 en maraton) y fotografia.",Camila Herrera,camila.herrera@proton.me,8,"Python, Django, DRF, PostgreSQL, GCP, Celery, RabbitMQ","Maestria en Ingenieria de Software, Universidad de Chile",derivado
test,"Nicolas Pereyra
Asuncion, Paraguay | +52 293 6493 | nicolas.pereyra@mail.com | LinkedIn: linkedin.com/in/nicolaspereyra

objetivo
Desarrollo backend con 9 años de experiencia y una solida base en Python. Buscando un rol desafiante para aprovechar mis habilidades en FastAPI y Celery y el diseño de APIs sobre PostgreSQL.

Educacion
Licenciatura en Ciencias de Datos
Universidad de Buenos Aires
Graduado: 2016

Habilidades Tecnicas
- Lenguajes: Python
- Frameworks: FastAPI, Celery
- Bases de Datos: PostgreSQL, MongoDB
- Herramientas: Docker, Linux, Nginx

Experiencia
Desarrollador Backend Senior
SaludTech - Salud, Asuncion, Paraguay
Enero 2022 - Presente
- Escribi pruebas unitarias para asegurar la calidad y confiabilidad del codigo.
- Mentorie a desarrolladores junior y realice revisiones de codigo para asegurar las mejores practicas.
- Implemente pipelines de CI/CD utilizando Jenkins y Docker para agilizar los procesos de despliegue.
- Cree APIs RESTful para varias aplicaciones, mejorando la accesibilidad e integracion de datos.
Ingeniero de Software Backend
RetailHub - Fintech, Asuncion, Paraguay
Agosto 2019 - 2022
- Implemente medidas de cifrado y seguridad para proteger informacion sensible.
- Implemente pipelines de CI/CD utilizando Jenkins y Docker para agilizar los procesos de despliegue.
Backend Engineer
Nubeles - Retail, Asuncion, Paraguay
Mayo 2016 - 2019
- Implemente pipelines de CI/CD utilizando Jenkins y Docker para agilizar los procesos de despliegue.
- Implemente medidas de cifrado y seguridad para proteger informacion sensible.

Proyectos
- Aplicacion de Banca en Linea: Diseñe una plataforma de banca en linea utilizando FastAPI, gestionando cuentas y transacciones de forma segura.
- Aplicacion Nativa de la Nube: Diseñe e implemente una aplicacion nativa de la nube utilizando FastAPI y Kubernetes, logrando una reduccion del 40% en costos operativos.

Certificaciones
- Certified Kubernetes Administrator (CKA)

Idiomas
Espanol: nativo.
Ingles C2, casi nativo.
Italiano: a2.

Referencias disponibles a pedido.",Nicolas Pereyra,nicolas.pereyra@mail.com,9,"Python, FastAPI, Celery, PostgreSQL, MongoDB, Docker, Linux, Nginx","Licenciatura en Ciencias de Datos, Universidad de Buenos Aires",derivado
test,"Andrea Nunez
La Paz, Bolivia | +82 765 1663 | andrea.nunez@mail.com | LinkedIn: linkedin.com/in/andreanunez

Objetivo
Desarrollo backend orientado a resultados con mas de 5 años de experiencia en la construccion de aplicaciones web escalables. Buscando aprovechar mi experiencia en Python y tecnologias en la nube para impulsar la innovacion en una empresa con vision de futuro.

Educacion
Ingenieria en Sistemas de Informacion
Universidad de Chile
Graduado: 2019

habilidades tecnicas
- Lenguajes: Python
- Frameworks: Django, FastAPI
- Bases de Datos: PostgreSQL, Redis, Elasticsearch
- Herramientas: Docker, AWS, Git

Experiencia
Desarrollador Backend Senior
ByteForge - EdTech, La Paz, Bolivia
Noviembre 2023 - Presente
- Escribi pruebas unitarias para asegurar la calidad y confiabilidad del codigo.
- Implemente medidas de cifrado y seguridad para proteger informacion sensible.
- Implemente pipelines de CI/CD utilizando Jenkins y Docker para agilizar los procesos de despliegue.
- Cree APIs RESTful para varias aplicaciones, mejorando la accesibilidad e integracion de datos.
Ingeniero de Software Backend
saludtech - logistica, la paz, bolivia
Julio 2020 - 2023
- Optimice el rendimiento a traves de la refactorizacion de codigo y la indexacion de PostgreSQL.
- Lidere el desarrollo de una arquitectura de microservicios para una plataforma de gran escala.
- Cree APIs RESTful para varias aplicaciones, mejorando la accesibilidad e integracion de datos.
- Implemente medidas de cifrado y seguridad para proteger informacion sensible.

Proyectos
- tuberia de procesamiento de datos: desarrolle una tuberia de procesamiento utilizando python y apache kafka, habilitando analisis de datos en tiempo real.
- Aplicacion Nativa de la Nube: Diseñe e implemente una aplicacion nativa de la nube utilizando Django y Kubernetes, logrando una reduccion del 40% en costos operativos.

Certificaciones
- AWS Solutions Architect - Associate

Idiomas
español: nativo.
Ingles nativo.
Aleman: b1.

Hobbies: ajedrez, running (mejor marca 3h45 en maraton) y fotografia.",Andrea Nunez,andrea.nunez@mail.com,5,"Python, Django, FastAPI, PostgreSQL, Redis, Elasticsearch, Docker, AWS, Git","Ingenieria en Sistemas de Informacion, Universidad de Chile",derivado
test,"Lic. Felipe Vargas
San Jose, Costa Rica | +58 665 5202 | felipe.vargas@gmail.com | LinkedIn: linkedin.com/in/felipevargas

objetivo
Senior consumado con mas de 6 años de experiencia en ingenieria de software y liderazgo de equipos. Buscando aprovechar mi experiencia en Python y Django para impulsar proyectos impactantes.

Educacion
Tecnicatura en Programacion
Instituto Tecnologico de Monterrey
Graduado: 2018

Habilidades Tecnicas
- Lenguajes: Python
- Frameworks: Django
- Bases de Datos: PostgreSQL, Redis
- Herramientas: Docker, Kubernetes, CI/CD

Experiencia
Ingeniero de Software Backend
Quantio - Gaming, San Jose, Costa Rica
Febrero 2022 - Presente
- Implemente medidas de cifrado y seguridad para proteger informacion sensible.
- lidere el desarrollo de una arquitectura de microservicios para una plataforma de gran escala.
- Mentorie a desarrolladores junior y realice revisiones de codigo para asegurar las mejores practicas.
Backend Engineer
SaludTech - Logistica, San Jose, Costa Rica
Marzo 2019 - 2022
- Optimice el rendimiento a traves de la refactorizacion de codigo y la indexacion de PostgreSQL.
- Implemente pipelines de CI/CD utilizando Jenkins y Docker para agilizar los procesos de despliegue.

Proyectos
- Plataforma de Comercio Electronico: Arquitecte y desarrolle una plataforma escalable utilizando Django y AWS, manejando miles de usuarios concurrentes.
- aplicacion nativa de la nube: diseñe e implemente una aplicacion nativa de la nube utilizando django y kubernetes, logrando una reduccion del 40% en costos operativos.

Certificaciones
- Certified Kubernetes Administrator (CKA)

Idiomas
Espanol: nativo.
Ingles B2 (lectura tecnica y reuniones).

Disponibilidad inmediata. Abierto a modalidad remota.",Felipe Vargas,felipe.vargas@gmail.com,6,"Python, Django, PostgreSQL, Redis, Docker, Kubernetes, CI/CD","Tecnicatura en Programacion, Instituto Tecnologico de Monterrey",derivado
test,"Esteban Diaz
Caracas, Venezuela | +42 623 4428 | esteban.diaz arroba correo.com | LinkedIn: linkedin.com/in/estebandiaz

Objetivo
Desarrollo backend con 7 años de experiencia y una solida base en Python. Buscando un rol desafiante para aprovechar mis habilidades en FastAPI y el diseno de APIs sobre PostgreSQL.

Educacion
Maestria en Ingenieria de Software
Universidad Nacional Autonoma de Mexico
Graduado: 2017

habilidades tecnicas
- Lenguajes: Python
- Frameworks: FastAPI
- Bases de Datos: PostgreSQL
- Herramientas: AWS, Terraform, Redis

Experiencia
Desarrollador Backend Senior
Logix - AdTech, Caracas, Venezuela
Septiembre 2022 - Presente
- Desarrolle y mantuve aplicaciones web utilizando FastAPI y APIs RESTful.
- Cree APIs RESTful para varias aplicaciones, mejorando la accesibilidad e integracion de datos.
Backend Engineer
Logix - E-commerce, Caracas, Venezuela
Julio 2018 - 2022
- desarrolle y mantuve aplicaciones web utilizando fastapi y apis restful.
- Lidere el desarrollo de una arquitectura de microservicios para una plataforma de gran escala.
- Escribi pruebas unitarias para asegurar la calidad y confiabilidad del codigo.
- Mentorie a desarrolladores junior y realice revisiones de codigo para asegurar las mejores practicas.

Proyectos
- Tuberia de Procesamiento de Datos: Desarrolle una tuberia de procesamiento utilizando Python y Apache Kafka, habilitando analisis de datos en tiempo real.
- Plataforma de Comercio Electronico: Arquitecte y desarrolle una plataforma escalable utilizando FastAPI y AWS, manejando miles de usuarios concurrentes.

Certificaciones
- Certified Kubernetes Administrator (CKA)

Idiomas
Español: nativo.
Ingles avanzado (C1).
Frances: b1.

Referencias disponibles a pedido.",Esteban Diaz,esteban.diaz@correo.com,7,"Python, FastAPI, PostgreSQL, AWS, Terraform, Redis","Maestria en Ingenieria de Software, Universidad Nacional Autonoma de Mexico",derivado
test,"PAULA CASTRO
Buenos Aires, Argentina | +4 513 9309 | paula.castro@outlook.com | GitHub: github.com/paulacastro

Objetivo
Desarrollo backend orientado a resultados con 8 años de experiencia en la industria Fintech. Buscando aprovechar mis habilidades en el desarrollo de aplicaciones seguras y eficientes con Python.

Educacion
Ingenieria en Computacion
Universidad Nacional Autonoma de Mexico
Graduado: 2016

Habilidades Tecnicas
- Lenguajes: Python
- Frameworks: Django, DRF
- bases de datos: postgresql, mongodb
- Herramientas: GCP, Celery, RabbitMQ

Experiencia
Ingeniero de Software Backend
Pagosur - Fintech, Buenos Aires, Argentina
Septiembre 2021 - Presente
- Desarrolle y mantuve aplicaciones web utilizando Django y APIs RESTful.
- Lidere el desarrollo de una arquitectura de microservicios para una plataforma de gran escala.
Backend Engineer
eduplatform - edtech, buenos aires, argentina
Enero 2017 - 2021
- Escribi pruebas unitarias para asegurar la calidad y confiabilidad del codigo.
- Optimice el rendimiento a traves de la refactorizacion de codigo y la indexacion de PostgreSQL.

Proyectos
- Aplicacion Nativa de la Nube: Diseñe e implemente una aplicacion nativa de la nube utilizando Django y Kubernetes, logrando una reduccion del 40% en costos operativos.
- Tuberia de Procesamiento de Datos: Desarrolle una tuberia de procesamiento utilizando Python y Apache Kafka, habilitando analisis de datos en tiempo real.

Certificaciones
- certified kubernetes administrator (cka)

Idiomas
Español: nativo.
Ingles C2, casi nativo.
Italiano: a2.

Me apasiona el clean code y la mentoria de equipos.",Paula Castro,paula.castro@outlook.com,8,"Python, Django, DRF, PostgreSQL, MongoDB, GCP, Celery, RabbitMQ","Ingenieria en Computacion, Universidad Nacional Autonoma de Mexico",derivado
train,"Ing. Ricardo Gomez
Buenos Aires, Argentina | +32 609 3631 | ricardo.gomez@correo.com | LinkedIn: linkedin.com/in/ricardogomez

Objetivo
Profesional de desarrollo backend orientado a los detalles con 4 años de experiencia en desarrollo de software. Deseoso de contribuir a proyectos innovadores con Python y mejorar mis habilidades en un entorno colaborativo.

Educacion
Licenciatura en Ciencias de la Computacion
Pontificia Universidad Catolica de Chile
Graduado: 2021

Habilidades Tecnicas
- Lenguajes: Python
- Frameworks: Django, FastAPI
- Bases de Datos: PostgreSQL, Redis
- Herramientas: Docker, AWS, Git

Experiencia
Desarrollador Backend Senior
RetailHub - Retail, Buenos Aires, Argentina
Noviembre 2023 - Presente
- Cree APIs RESTful para varias aplicaciones, mejorando la accesibilidad e integracion de datos.
- Desarrolle y mantuve aplicaciones web utilizando Django y APIs RESTful.
- Implemente medidas de cifrado y seguridad para proteger informacion sensible.
- Implemente pipelines de CI/CD utilizando Jenkins y Docker para agilizar los procesos de despliegue.
Ingeniero de Software Backend
SaludTech - Fintech, Buenos Aires, Argentina
Diciembre 2021 - 2023
- Implemente medidas de cifrado y seguridad para proteger informacion sensible.
- Lidere el desarrollo de una arquitectura de microservicios para una plataforma de gran escala.
- Optimice el rendimiento a traves de la refactorizacion de codigo y la indexacion de PostgreSQL.

Proyectos
- Aplicacion Nativa de la Nube: Diseñe e implemente una aplicacion nativa de la nube utilizando Django y Kubernetes, logrando una reduccion del 40% en costos operativos.
- Aplicacion de Banca en Linea: Diseñe una plataforma de banca en linea utilizando Django, gestionando cuentas y transacciones de forma segura.

Certificaciones
- Certified Kubernetes Administrator (CKA)

Idiomas
Español: nativo.
Ingles B2 (lectura tecnica y reuniones).

Disponibilidad inmediata. Abierto a modalidad remota.",Ricardo Gomez,ricardo.gomez@correo.com,4,"Python, Django, FastAPI, PostgreSQL, Redis, Docker, AWS, Git","Licenciatura en Ciencias de la Computacion, Pontificia Universidad Catolica de Chile",derivado
train,"Mariana Lopez
Cordoba, Argentina | +23 786 8553 | mariana.lopez@mail.com | GitHub: github.com/marianalopez

Objetivo
Desarrollo backend con 6 años de experiencia y una solida base en Python. Buscando un rol desafiante para aprovechar mis habilidades en Flask y el diseno de APIs sobre PostgreSQL.

Educacion
Ingenieria en Sistemas de Informacion
Universidad de Buenos Aires
Graduado: 2018

Habilidades Tecnicas
- Lenguajes: Python
- Frameworks: Flask
- Bases de Datos: PostgreSQL
- Herramientas: Docker, Kubernetes, CI/CD

Experiencia
Backend Engineer
Logix - Logistica, Cordoba, Argentina
Septiembre 2022 - Presente
- Implemente pipelines de CI/CD utilizando Jenkins y Docker para agilizar los procesos de despliegue.
- Desarrolle y mantuve aplicaciones web utilizando Flask y APIs RESTful.
Backend Engineer
RetailHub - Retail, Cordoba, Argentina
Abril 2019 - 2022
- Escribi pruebas unitarias para asegurar la calidad y confiabilidad del codigo.
- Optimice el rendimiento a traves de la refactorizacion de codigo y la indexacion de PostgreSQL.

Proyectos
- Tuberia de Procesamiento de Datos: Desarrolle una tuberia de procesamiento utilizando Python y Apache Kafka, habilitando analisis de datos en tiempo real.
- Aplicacion Nativa de la Nube: Diseñe e implemente una aplicacion nativa de la nube utilizando Flask y Kubernetes, logrando una reduccion del 40% en costos operativos.

certificaciones
- Certified Kubernetes Administrator (CKA)

Idiomas
Español: nativo.
Ingles avanzado (C1).
Frances: b1.

Referencias disponibles a pedido.",Mariana Lopez,mariana.lopez@mail.com,6,"Python, Flask, PostgreSQL, Docker, Kubernetes, CI/CD","Ingenieria en Sistemas de Informacion, Universidad de Buenos Aires",derivado
train,"Jorge Ramos
Rosario, Argentina | +81 657 5533 | jorge.ramos@proton.me | LinkedIn: linkedin.com/in/jorgeramos

Objetivo
Desarrollo backend orientado a resultados con mas de 6 años de experiencia en la construccion de aplicaciones web escalables. Buscando aprovechar mi experiencia en Python y tecnologias en la nube para impulsar la innovacion en una empresa con vision de futuro.

Educacion
Licenciatura en Ciencias de Datos
Universidad de los Andes
Graduado: 2019

habilidades tecnicas
- Lenguajes: Python
- Frameworks: FastAPI
- Bases de Datos: MySQL, MongoDB
- Herramientas: AWS, Terraform, Redis

Experiencia
Desarrollador Backend Senior
Quantio - Salud, Rosario, Argentina
Agosto 2022 - Presente
- Implemente pipelines de CI/CD utilizando Jenkins y Docker para agilizar los procesos de despliegue.
- Mentorie a desarrolladores junior y realice revisiones de codigo para asegurar las mejores practicas.
- Escribi pruebas unitarias para asegurar la calidad y confiabilidad del codigo.
Desarrollador Backend Senior
RetailHub - Logistica, Rosario, Argentina
Mayo 2019 - 2022
- Implemente pipelines de CI/CD utilizando Jenkins y Docker para agilizar los procesos de despliegue.
- Implemente medidas de cifrado y seguridad para proteger informacion sensible.
- Escribi pruebas unitarias para asegurar la calidad y confiabilidad del codigo.

Proyectos
- Aplicacion de Banca en Linea: Diseñe una plataforma de banca en linea utilizando FastAPI, gestionando cuentas y transacciones de forma segura.
- Tuberia de Procesamiento de Datos: Desarrolle una tuberia de procesamiento utilizando Python y Apache Kafka, habilitando analisis de datos en tiempo real.

Certificaciones
- certified kubernetes administrator (cka)

Idiomas
Español: nativo.
Ingles C2, casi nativo.
Italiano: a2.

Certificado en primeros auxilios. Licencia de conducir vigente.",Jorge Ramos,jorge.ramos@proton.me,6,"Python, FastAPI, MySQL, MongoDB, AWS, Terraform, Redis","Licenciatura en Ciencias de Datos, Universidad de los Andes",derivado
train,"tomas aguirre
Montevideo, Uruguay | +57 658 6079 | tomas.aguirre@outlook.com | LinkedIn: linkedin.com/in/tomasaguirre

Objetivo
Desarrollo backend con 6 años de experiencia y una solida base en Python. Buscando un rol desafiante para aprovechar mis habilidades en Django y DRF y el diseno de APIs sobre PostgreSQL.

Educacion
Ingenieria en Informatica
Universidade de Sao Paulo
Graduado: 2017

Habilidades Tecnicas
- Lenguajes: Python
- Frameworks: Django, DRF
- Bases de Datos: PostgreSQL, Redis, Elasticsearch
- herramientas: gcp, celery, rabbitmq

Experiencia
Desarrollador Backend Senior
Quantio - EdTech, Montevideo, Uruguay
Noviembre 2022 - Presente
- Optimice el rendimiento a traves de la refactorizacion de codigo y la indexacion de PostgreSQL.
- Escribi pruebas unitarias para asegurar la calidad y confiabilidad del codigo.
- Lidere el desarrollo de una arquitectura de microservicios para una plataforma de gran escala.
- Desarrolle y mantuve aplicaciones web utilizando Django y APIs RESTful.
Ingeniero de Software Backend
SaludTech - SaaS B2B, Montevideo, Uruguay
Mayo 2019 - 2022
- Implemente medidas de cifrado y seguridad para proteger informacion sensible.
- Cree APIs RESTful para varias aplicaciones, mejorando la accesibilidad e integracion de datos.
- escribi pruebas unitarias para asegurar la calidad y confiabilidad del codigo.
- Optimice el rendimiento a traves de la refactorizacion de codigo y la indexacion de PostgreSQL.

Proyectos
- plataforma de comercio electronico: arquitecte y desarrolle una plataforma escalable utilizando django y aws, manejando miles de usuarios concurrentes.
- Tuberia de Procesamiento de Datos: Desarrolle una tuberia de procesamiento utilizando Python y Apache Kafka, habilitando analisis de datos en tiempo real.

Certificaciones
- Certified Kubernetes Administrator (CKA)

Idiomas
Español: nativo.
Ingles basico (A2), en mejora.
Aleman: b1.

Hobbies: ajedrez, running (mejor marca 3h45 en maraton) y fotografia.",Tomas Aguirre,tomas.aguirre@outlook.com,6,"Python, Django, DRF, PostgreSQL, Redis, Elasticsearch, GCP, Celery, RabbitMQ","Ingenieria en Informatica, Universidade de Sao Paulo",derivado
train,"Mg. Laura Mendez
Houston, USA | +58 964 7377 | laura.mendez@proton.me | GitHub: github.com/lauramendez

Objetivo
profesional de desarrollo backend orientado a los detalles con 6 años de experiencia en desarrollo de software. deseoso de contribuir a proyectos innovadores con python y mejorar mis habilidades en un entorno colaborativo.

Educacion
Maestria en Ingenieria de Software
Instituto Tecnologico de Monterrey
Graduado: 2018

Habilidades Tecnicas
- Lenguajes: Python
- Frameworks: FastAPI, Celery
- bases de datos: postgresql, redis
- Herramientas: Docker, Linux, Nginx

Experiencia
Desarrollador Backend Senior
Logix - Gaming, Houston, USA
Noviembre 2022 - Presente
- Implemente pipelines de CI/CD utilizando Jenkins y Docker para agilizar los procesos de despliegue.
- Optimice el rendimiento a traves de la refactorizacion de codigo y la indexacion de PostgreSQL.
backend engineer
SaludTech - Retail, Houston, USA
Mayo 2019 - 2022
- Cree APIs RESTful para varias aplicaciones, mejorando la accesibilidad e integracion de datos.
- Implemente pipelines de CI/CD utilizando Jenkins y Docker para agilizar los procesos de despliegue.
- Escribi pruebas unitarias para asegurar la calidad y confiabilidad del codigo.
- Optimice el rendimiento a traves de la refactorizacion de codigo y la indexacion de PostgreSQL.

Proyectos
- Aplicacion de Banca en Linea: Diseñe una plataforma de banca en linea utilizando FastAPI, gestionando cuentas y transacciones de forma segura.
- Aplicacion Nativa de la Nube: Diseñe e implemente una aplicacion nativa de la nube utilizando FastAPI y Kubernetes, logrando una reduccion del 40% en costos operativos.

Certificaciones
- Certified Kubernetes Administrator (CKA)

Idiomas
Español: nativo.
Ingles B2 (lectura tecnica y reuniones).

Padre de dos hijos. Fanatico del mate y el asado de los domingos.",Laura Mendez,laura.mendez@proton.me,6,"Python, FastAPI, Celery, PostgreSQL, Redis, Docker, Linux, Nginx","Maestria en Ingenieria de Software, Instituto Tecnologico de Monterrey",derivado
train,"Sebastian Rios
Sao Paulo, Brasil | +94 692 5976 | sebastian.rios@outlook.com | LinkedIn: linkedin.com/in/sebastianrios

Objetivo
Desarrollo backend con 4 años de experiencia y una solida base en Python. Buscando un rol desafiante para aprovechar mis habilidades en Django y FastAPI y el diseño de APIs sobre PostgreSQL.

Educacion
Licenciatura en Ciencias de la Computacion
Universidad Nacional de Colombia
Graduado: 2020

Habilidades Tecnicas
- Lenguajes: Python
- Frameworks: Django, FastAPI
- Bases de Datos: PostgreSQL
- Herramientas: Docker, AWS, Git

Experiencia
Backend Engineer
Nubeles - AdTech, Sao Paulo, Brasil
Diciembre 2023 - Presente
- Desarrolle y mantuve aplicaciones web utilizando Django y APIs RESTful.
- Optimice el rendimiento a traves de la refactorizacion de codigo y la indexacion de PostgreSQL.
- Escribi pruebas unitarias para asegurar la calidad y confiabilidad del codigo.
Ingeniero de Software Backend
Pagosur - SaaS B2B, Sao Paulo, Brasil
Agosto 2021 - 2023
- Escribi pruebas unitarias para asegurar la calidad y confiabilidad del codigo.
- Cree APIs RESTful para varias aplicaciones, mejorando la accesibilidad e integracion de datos.
- Optimice el rendimiento a traves de la refactorizacion de codigo y la indexacion de PostgreSQL.

Proyectos
- Tuberia de Procesamiento de Datos: Desarrolle una tuberia de procesamiento utilizando Python y Apache Kafka, habilitando analisis de datos en tiempo real.
- Aplicacion Nativa de la Nube: Disene e implemente una aplicacion nativa de la nube utilizando Django y Kubernetes, logrando una reduccion del 40% en costos operativos.

Certificaciones
- AWS Solutions Architect - Associate

Idiomas
Español: nativo.
Ingles avanzado (C1).
Portugues: nativo.
Frances: b1.

Me apasiona el clean code y la mentoria de equipos.",Sebastian Rios,sebastian.rios@outlook.com,4,"Python, Django, FastAPI, PostgreSQL, Docker, AWS, Git","Licenciatura en Ciencias de la Computacion, Universidad Nacional de Colombia",derivado
val,"carolina fuentes
Florianopolis, Brasil | +83 957 8825 | carolina.fuentes@correo.com | LinkedIn: linkedin.com/in/carolinafuentes

Objetivo
Profesional de desarrollo backend orientado a los detalles con 6 años de experiencia en desarrollo de software. Deseoso de contribuir a proyectos innovadores con Python y mejorar mis habilidades en un entorno colaborativo.

Educacion
Ingenieria Civil Informatica
Universidad de Buenos Aires
Graduado: 2019

Habilidades Tecnicas
- Lenguajes: Python
- frameworks: flask
- Bases de Datos: PostgreSQL, MongoDB
- Herramientas: Docker, Kubernetes, CI/CD

Experiencia
Backend Engineer
SaludTech - Fintech, Florianopolis, Brasil
Julio 2022 - Presente
- Desarrolle y mantuve aplicaciones web utilizando Flask y APIs RESTful.
- Lidere el desarrollo de una arquitectura de microservicios para una plataforma de gran escala.
- Implemente medidas de cifrado y seguridad para proteger informacion sensible.
- Optimice el rendimiento a traves de la refactorizacion de codigo y la indexacion de PostgreSQL.
ingeniero de software backend
MercadoStack - SaaS B2B, Florianopolis, Brasil
Febrero 2019 - 2022
- Implemente pipelines de CI/CD utilizando Jenkins y Docker para agilizar los procesos de despliegue.
- escribi pruebas unitarias para asegurar la calidad y confiabilidad del codigo.

Proyectos
- Aplicacion de Banca en Linea: Disene una plataforma de banca en linea utilizando Flask, gestionando cuentas y transacciones de forma segura.
- Tuberia de Procesamiento de Datos: Desarrolle una tuberia de procesamiento utilizando Python y Apache Kafka, habilitando analisis de datos en tiempo real.

Certificaciones
- Certified Kubernetes Administrator (CKA)

Idiomas
Español: nativo.
Ingles C2, casi nativo.
Portugues: nativo.
Italiano: a2.

Referencias disponibles a pedido.",Carolina Fuentes,carolina.fuentes@correo.com,6,"Python, Flask, PostgreSQL, MongoDB, Docker, Kubernetes, CI/CD","Ingenieria Civil Informatica, Universidad de Buenos Aires",derivado
val,"Hernan Vega
Recife, Brasil | +66 762 2681 | hernan.vega @ gmail.com | LinkedIn: linkedin.com/in/hernanvega

Objetivo
Desarrollo backend orientado a resultados con 6 años de experiencia en la industria E-commerce. Buscando aprovechar mis habilidades en el desarrollo de aplicaciones seguras y eficientes con Python.

Educacion
Licenciatura en Ciencias de la Computacion
Universidad Nacional de Colombia
Graduado: 2018

habilidades tecnicas
- Lenguajes: Python
- Frameworks: FastAPI
- Bases de Datos: MySQL, MongoDB
- Herramientas: AWS, Terraform, Redis

Experiencia
Backend Engineer
RetailHub - E-commerce, Recife, Brasil
Septiembre 2022 - Presente
- Implemente medidas de cifrado y seguridad para proteger informacion sensible.
- Escribi pruebas unitarias para asegurar la calidad y confiabilidad del codigo.
- Cree APIs RESTful para varias aplicaciones, mejorando la accesibilidad e integracion de datos.
Desarrollador Backend Senior
Nubeles - Logistica, Recife, Brasil
Agosto 2019 - 2022
- Lidere el desarrollo de una arquitectura de microservicios para una plataforma de gran escala.
- Cree APIs RESTful para varias aplicaciones, mejorando la accesibilidad e integracion de datos.

Proyectos
- Tuberia de Procesamiento de Datos: Desarrolle una tuberia de procesamiento utilizando Python y Apache Kafka, habilitando analisis de datos en tiempo real.
- Aplicacion de Banca en Linea: Diseñe una plataforma de banca en linea utilizando FastAPI, gestionando cuentas y transacciones de forma segura.

Certificaciones
- AWS Solutions Architect - Associate

Idiomas
Español: nativo.
Ingles nativo.
Portugues: nativo.
Aleman: b1.

Hobbies: ajedrez, running (mejor marca 3h45 en maraton) y fotografia.",Hernan Vega,hernan.vega@gmail.com,6,"Python, FastAPI, MySQL, MongoDB, AWS, Terraform, Redis","Licenciatura en Ciencias de la Computacion, Universidad Nacional de Colombia",derivado
val,"Dra. Mariano Castro
Bogota, Colombia | +11 113 6283 | mariano.castro arroba mail.com | GitHub: github.com/marianocastro

Objetivo
Senior consumado con mas de 6 años de experiencia en ingenieria de software y liderazgo de equipos. Buscando aprovechar mi experiencia en Python y Django y DRF para impulsar proyectos impactantes.

Educacion
Licenciatura en Ciencias de la Computacion
Universidad Tecnologica Nacional
Graduado: 2019

Habilidades Tecnicas
- Lenguajes: Python
- Frameworks: Django, DRF
- Bases de Datos: PostgreSQL, Redis
- Herramientas: GCP, Celery, RabbitMQ

Experiencia
Backend Engineer
TechNova - SaaS B2B, Bogota, Colombia
Julio 2022 - Presente
- Optimice el rendimiento a traves de la refactorizacion de codigo y la indexacion de PostgreSQL.
- Cree APIs RESTful para varias aplicaciones, mejorando la accesibilidad e integracion de datos.
Ingeniero de Software Backend
EduPlatform - Salud, Bogota, Colombia
Marzo 2019 - 2022
- Cree APIs RESTful para varias aplicaciones, mejorando la accesibilidad e integracion de datos.
- Optimice el rendimiento a traves de la refactorizacion de codigo y la indexacion de PostgreSQL.
- Implemente medidas de cifrado y seguridad para proteger informacion sensible.

Proyectos
- Aplicacion de Banca en Linea: Diseñe una plataforma de banca en linea utilizando Django, gestionando cuentas y transacciones de forma segura.
- Tuberia de Procesamiento de Datos: Desarrolle una tuberia de procesamiento utilizando Python y Apache Kafka, habilitando analisis de datos en tiempo real.

Certificaciones
- aws solutions architect - associate

Idiomas
Espanol: nativo.
Ingles basico (A2), en mejora.

Hobbies: ajedrez, running (mejor marca 3h45 en maraton) y fotografia.",Mariano Castro,mariano.castro@mail.com,6,"Python, Django, DRF, PostgreSQL, Redis, GCP, Celery, RabbitMQ","Licenciatura en Ciencias de la Computacion, Universidad Tecnologica Nacional",derivado
val,"Daniela Ortiz
Miami, USA | +23 823 1455 | daniela.ortiz@gmail.com | GitHub: github.com/danielaortiz

Objetivo
Senior consumado con mas de 6 años de experiencia en ingenieria de software y liderazgo de equipos. Buscando aprovechar mi experiencia en Python y FastAPI y Celery para impulsar proyectos impactantes.

Educacion
Maestria en Ingenieria de Software
Universidad Nacional de Ingenieria
Graduado: 2018

Habilidades Tecnicas
- Lenguajes: Python
- Frameworks: FastAPI, Celery
- Bases de Datos: PostgreSQL
- herramientas: docker, linux, nginx

Experiencia
Backend Engineer
nubeles - retail, miami, usa
Noviembre 2022 - Presente
- Desarrolle y mantuve aplicaciones web utilizando FastAPI y APIs RESTful.
- Mentorie a desarrolladores junior y realice revisiones de codigo para asegurar las mejores practicas.
Desarrollador Backend Senior
Quantio - EdTech, Miami, USA
Octubre 2019 - 2022
- Optimice el rendimiento a traves de la refactorizacion de codigo y la indexacion de PostgreSQL.
- Cree APIs RESTful para varias aplicaciones, mejorando la accesibilidad e integracion de datos.
- lidere el desarrollo de una arquitectura de microservicios para una plataforma de gran escala.
- Escribi pruebas unitarias para asegurar la calidad y confiabilidad del codigo.

Proyectos
- Aplicacion de Banca en Linea: Diseñe una plataforma de banca en linea utilizando FastAPI, gestionando cuentas y transacciones de forma segura.
- Plataforma de Comercio Electronico: Arquitecte y desarrolle una plataforma escalable utilizando FastAPI y AWS, manejando miles de usuarios concurrentes.

Certificaciones
- AWS Solutions Architect - Associate

Idiomas
Español: nativo.
Ingles avanzado (C1).
Frances: b1.

Me apasiona el clean code y la mentoria de equipos.",Daniela Ortiz,daniela.ortiz@gmail.com,6,"Python, FastAPI, Celery, PostgreSQL, Docker, Linux, Nginx","Maestria en Ingenieria de Software, Universidad Nacional de Ingenieria",derivado
val,"Ignacio Funes
Lima, Peru | +62 280 3820 | ignacio.funes@proton.me | GitHub: github.com/ignaciofunes

Objetivo
Desarrollo backend orientado a resultados con 4 años de experiencia en la industria Logistica. Buscando aprovechar mis habilidades en el desarrollo de aplicaciones seguras y eficientes con Python.

Educacion
Analista de Sistemas
Universidad de Chile
Graduado: 2019

Habilidades Tecnicas
- Lenguajes: Python
- Frameworks: Django, FastAPI
- Bases de Datos: PostgreSQL, MongoDB
- Herramientas: Docker, AWS, Git

Experiencia
Backend Engineer
EduPlatform - Logistica, Lima, Peru
Marzo 2023 - Presente
- Optimice el rendimiento a traves de la refactorizacion de codigo y la indexacion de PostgreSQL.
- Implemente medidas de cifrado y seguridad para proteger informacion sensible.
- Cree APIs RESTful para varias aplicaciones, mejorando la accesibilidad e integracion de datos.
Ingeniero de Software Backend
quantio - salud, lima, peru
Julio 2021 - 2023
- escribi pruebas unitarias para asegurar la calidad y confiabilidad del codigo.
- Implemente medidas de cifrado y seguridad para proteger informacion sensible.
- Desarrolle y mantuve aplicaciones web utilizando Django y APIs RESTful.

Proyectos
- Aplicacion de Banca en Linea: Diseñe una plataforma de banca en linea utilizando Django, gestionando cuentas y transacciones de forma segura.
- Aplicacion Nativa de la Nube: Diseñe e implemente una aplicacion nativa de la nube utilizando Django y Kubernetes, logrando una reduccion del 40% en costos operativos.

Certificaciones
- Certified Kubernetes Administrator (CKA)

Idiomas
español: nativo.
ingles c2, casi nativo.
Italiano: a2.

Me apasiona el clean code y la mentoria de equipos.",Ignacio Funes,ignacio.funes@proton.me,4,"Python, Django, FastAPI, PostgreSQL, MongoDB, Docker, AWS, Git","Analista de Sistemas, Universidad de Chile",derivado
test,"Renata Lima
Quito, Ecuador | +65 101 8685 | renata.lima arroba outlook.com | GitHub: github.com/renatalima

Objetivo
Desarrollo backend con 6 anos de experiencia y una solida base en Python. Buscando un rol desafiante para aprovechar mis habilidades en Flask y el diseno de APIs sobre PostgreSQL.

Educacion
Licenciatura en Ciencias de la Computacion
Universidade de Sao Paulo
Graduado: 2017

Habilidades Tecnicas
- Lenguajes: Python
- Frameworks: Flask
- Bases de Datos: PostgreSQL, Redis, Elasticsearch
- herramientas: docker, kubernetes, ci/cd

Experiencia
Desarrollador Backend Senior
Quantio - Salud, Quito, Ecuador
Marzo 2022 - Presente
- Cree APIs RESTful para varias aplicaciones, mejorando la accesibilidad e integracion de datos.
- Lidere el desarrollo de una arquitectura de microservicios para una plataforma de gran escala.
- Implemente medidas de cifrado y seguridad para proteger informacion sensible.
- Desarrolle y mantuve aplicaciones web utilizando Flask y APIs RESTful.
Desarrollador Backend Senior
DataPagos - E-commerce, Quito, Ecuador
Enero 2019 - 2022
- Desarrolle y mantuve aplicaciones web utilizando Flask y APIs RESTful.
- Implemente medidas de cifrado y seguridad para proteger informacion sensible.
- Cree APIs RESTful para varias aplicaciones, mejorando la accesibilidad e integracion de datos.
- Escribi pruebas unitarias para asegurar la calidad y confiabilidad del codigo.

Proyectos
- Aplicacion de Banca en Linea: Diseñe una plataforma de banca en linea utilizando Flask, gestionando cuentas y transacciones de forma segura.
- tuberia de procesamiento de datos: desarrolle una tuberia de procesamiento utilizando python y apache kafka, habilitando analisis de datos en tiempo real.

Certificaciones
- aws solutions architect - associate

Idiomas
Español: nativo.
Ingles nativo.
aleman: b1.

Disponibilidad inmediata. Abierto a modalidad remota.",Renata Lima,renata.lima@outlook.com,6,"Python, Flask, PostgreSQL, Redis, Elasticsearch, Docker, Kubernetes, CI/CD","Licenciatura en Ciencias de la Computacion, Universidade de Sao Paulo",derivado
test,"dr. oscar mendez
Ciudad de Mexico, Mexico | +43 476 5517 | oscar.mendez@correo.com | GitHub: github.com/oscarmendez

Objetivo
Desarrollo backend orientado a resultados con 6 años de experiencia en la industria EdTech. Buscando aprovechar mis habilidades en el desarrollo de aplicaciones seguras y eficientes con Python.

Educacion
Analista de Sistemas
Universidad de los Andes
Graduado: 2019

Habilidades Tecnicas
- Lenguajes: Python
- Frameworks: FastAPI
- Bases de Datos: MySQL, MongoDB
- Herramientas: AWS, Terraform, Redis

Experiencia
Desarrollador Backend Senior
TechNova - EdTech, Ciudad de Mexico, Mexico
Abril 2022 - Presente
- Implemente medidas de cifrado y seguridad para proteger informacion sensible.
- Mentorie a desarrolladores junior y realice revisiones de codigo para asegurar las mejores practicas.
Desarrollador Backend Senior
SaludTech - Fintech, Ciudad de Mexico, Mexico
Julio 2019 - 2022
- Mentorie a desarrolladores junior y realice revisiones de codigo para asegurar las mejores practicas.
- Implemente pipelines de CI/CD utilizando Jenkins y Docker para agilizar los procesos de despliegue.

Proyectos
- Tuberia de Procesamiento de Datos: Desarrolle una tuberia de procesamiento utilizando Python y Apache Kafka, habilitando analisis de datos en tiempo real.
- Aplicacion Nativa de la Nube: Disene e implemente una aplicacion nativa de la nube utilizando FastAPI y Kubernetes, logrando una reduccion del 40% en costos operativos.

Certificaciones
- Certified Kubernetes Administrator (CKA)

Idiomas
Español: nativo.
Ingles B2 (lectura tecnica y reuniones).

Padre de dos hijos. Fanatico del mate y el asado de los domingos.",Oscar Mendez,oscar.mendez@correo.com,6,"Python, FastAPI, MySQL, MongoDB, AWS, Terraform, Redis","Analista de Sistemas, Universidad de los Andes",derivado
test,"Patricia Rojas
Guadalajara, Mexico | +75 786 8564 | patricia.rojas@gmail.com | LinkedIn: linkedin.com/in/patriciarojas

Objetivo
Senior consumado con mas de 6 años de experiencia en ingenieria de software y liderazgo de equipos. Buscando aprovechar mi experiencia en Python y Django y DRF para impulsar proyectos impactantes.

Educacion
Ingenieria en Computacion
Universidad Nacional Autonoma de Mexico
Graduado: 2017

Habilidades Tecnicas
- Lenguajes: Python
- Frameworks: Django, DRF
- Bases de Datos: PostgreSQL
- Herramientas: GCP, Celery, RabbitMQ

Experiencia
Desarrollador Backend Senior
MercadoStack - Gaming, Guadalajara, Mexico
Marzo 2022 - Presente
- Mentorie a desarrolladores junior y realice revisiones de codigo para asegurar las mejores practicas.
- Cree APIs RESTful para varias aplicaciones, mejorando la accesibilidad e integracion de datos.
- Escribi pruebas unitarias para asegurar la calidad y confiabilidad del codigo.
- Implemente medidas de cifrado y seguridad para proteger informacion sensible.
Desarrollador Backend Senior
Logix - Retail, Guadalajara, Mexico
Enero 2019 - 2022
- Desarrolle y mantuve aplicaciones web utilizando Django y APIs RESTful.
- implemente medidas de cifrado y seguridad para proteger informacion sensible.
- Implemente pipelines de CI/CD utilizando Jenkins y Docker para agilizar los procesos de despliegue.
- Optimice el rendimiento a traves de la refactorizacion de codigo y la indexacion de PostgreSQL.

Proyectos
- Aplicacion Nativa de la Nube: Diseñe e implemente una aplicacion nativa de la nube utilizando Django y Kubernetes, logrando una reduccion del 40% en costos operativos.
- plataforma de comercio electronico: arquitecte y desarrolle una plataforma escalable utilizando django y aws, manejando miles de usuarios concurrentes.

Certificaciones
- certified kubernetes administrator (cka)

Idiomas
Español: nativo.
Ingles basico (A2), en mejora.
Frances: b1.

Padre de dos hijos. Fanatico del mate y el asado de los domingos.",Patricia Rojas,patricia.rojas@gmail.com,6,"Python, Django, DRF, PostgreSQL, GCP, Celery, RabbitMQ","Ingenieria en Computacion, Universidad Nacional Autonoma de Mexico",derivado
test,"Joao Almeida
Lisboa, Portugal | +14 501 4078 | joao.almeida@correo.com | GitHub: github.com/joaoalmeida

Objetivo
Desarrollo backend con 6 años de experiencia y una solida base en Python. Buscando un rol desafiante para aprovechar mis habilidades en FastAPI y Celery y el diseño de APIs sobre PostgreSQL.

Educacion
Ingenieria Civil Informatica
Instituto Tecnologico de Monterrey
Graduado: 2018

Habilidades Tecnicas
- Lenguajes: Python
- Frameworks: FastAPI, Celery
- Bases de Datos: PostgreSQL, MongoDB
- Herramientas: Docker, Linux, Nginx

Experiencia
Ingeniero de Software Backend
DataPagos - AdTech, Lisboa, Portugal
Abril 2022 - Presente
- implemente pipelines de ci/cd utilizando jenkins y docker para agilizar los procesos de despliegue.
- Cree APIs RESTful para varias aplicaciones, mejorando la accesibilidad e integracion de datos.
- Implemente medidas de cifrado y seguridad para proteger informacion sensible.
Ingeniero de Software Backend
EduPlatform - Retail, Lisboa, Portugal
Agosto 2019 - 2022
- Implemente medidas de cifrado y seguridad para proteger informacion sensible.
- Mentorie a desarrolladores junior y realice revisiones de codigo para asegurar las mejores practicas.

proyectos
- Aplicacion Nativa de la Nube: Diseñe e implemente una aplicacion nativa de la nube utilizando FastAPI y Kubernetes, logrando una reduccion del 40% en costos operativos.
- Plataforma de Comercio Electronico: Arquitecte y desarrolle una plataforma escalable utilizando FastAPI y AWS, manejando miles de usuarios concurrentes.

Certificaciones
- Certified Kubernetes Administrator (CKA)

Idiomas
Espanol: nativo.
Ingles C2, casi nativo.
Italiano: a2.

Certificado en primeros auxilios. Licencia de conducir vigente.",Joao Almeida,joao.almeida@correo.com,6,"Python, FastAPI, Celery, PostgreSQL, MongoDB, Docker, Linux, Nginx","Ingenieria Civil Informatica, Instituto Tecnologico de Monterrey",derivado
test,"Monica Salas
La Paz, Bolivia | +67 925 1813 | monica.salas arroba proton.me | LinkedIn: linkedin.com/in/monicasalas

Objetivo
Desarrollo backend orientado a resultados con mas de 4 años de experiencia en la construccion de aplicaciones web escalables. Buscando aprovechar mi experiencia en Python y tecnologias en la nube para impulsar la innovacion en una empresa con vision de futuro.

Educacion
Licenciatura en Ciencias de la Computacion
Universidad Nacional Autonoma de Mexico
Graduado: 2021

Habilidades Tecnicas
- Lenguajes: Python
- Frameworks: Django, FastAPI
- Bases de Datos: PostgreSQL, Redis, Elasticsearch
- Herramientas: Docker, AWS, Git

Experiencia
Desarrollador Backend Senior
DataPagos - Fintech, La Paz, Bolivia
Abril 2023 - Presente
- Lidere el desarrollo de una arquitectura de microservicios para una plataforma de gran escala.
- Escribi pruebas unitarias para asegurar la calidad y confiabilidad del codigo.
- Mentorie a desarrolladores junior y realice revisiones de codigo para asegurar las mejores practicas.
- Implemente pipelines de CI/CD utilizando Jenkins y Docker para agilizar los procesos de despliegue.
Backend Engineer
ByteForge - E-commerce, La Paz, Bolivia
Mayo 2021 - 2023
- Lidere el desarrollo de una arquitectura de microservicios para una plataforma de gran escala.
- Implemente pipelines de CI/CD utilizando Jenkins y Docker para agilizar los procesos de despliegue.

proyectos
- aplicacion nativa de la nube: diseñe e implemente una aplicacion nativa de la nube utilizando django y kubernetes, logrando una reduccion del 40% en costos operativos.
- Plataforma de Comercio Electronico: Arquitecte y desarrolle una plataforma escalable utilizando Django y AWS, manejando miles de usuarios concurrentes.

Certificaciones
- Certified Kubernetes Administrator (CKA)

Idiomas
Espanol: nativo.
Ingles nativo.
Aleman: b1.

Voluntario en comunidades de software libre los fines de semana.",Monica Salas,monica.salas@proton.me,4,"Python, Django, FastAPI, PostgreSQL, Redis, Elasticsearch, Docker, AWS, Git","Licenciatura en Ciencias de la Computacion, Universidad Nacional Autonoma de Mexico",derivado
test,"Lic. Bruno Tavares
San Jose, Costa Rica | +22 171 1552 | bruno.tavares@gmail.com | GitHub: github.com/brunotavares

Objetivo
desarrollo backend orientado a resultados con 6 años de experiencia en la industria e-commerce. buscando aprovechar mis habilidades en el desarrollo de aplicaciones seguras y eficientes con python.

Educacion
maestria en ingenieria de software
Universidad Nacional de Cordoba
Graduado: 2018

Habilidades Tecnicas
- Lenguajes: Python
- Frameworks: Flask
- Bases de Datos: PostgreSQL, Redis
- Herramientas: Docker, Kubernetes, CI/CD

Experiencia
Backend Engineer
ByteForge - E-commerce, San Jose, Costa Rica
Octubre 2022 - Presente
- Optimice el rendimiento a traves de la refactorizacion de codigo y la indexacion de PostgreSQL.
- Escribi pruebas unitarias para asegurar la calidad y confiabilidad del codigo.
Backend Engineer
Quantio - SaaS B2B, San Jose, Costa Rica
Diciembre 2019 - 2022
- Desarrolle y mantuve aplicaciones web utilizando Flask y APIs RESTful.
- Mentorie a desarrolladores junior y realice revisiones de codigo para asegurar las mejores practicas.

Proyectos
- Aplicacion Nativa de la Nube: Diseñe e implemente una aplicacion nativa de la nube utilizando Flask y Kubernetes, logrando una reduccion del 40% en costos operativos.
- Aplicacion de Banca en Linea: Diseñe una plataforma de banca en linea utilizando Flask, gestionando cuentas y transacciones de forma segura.

Certificaciones
- AWS Solutions Architect - Associate

Idiomas
Español: nativo.
Ingles B2 (lectura tecnica y reuniones).

Me apasiona el clean code y la mentoria de equipos.",Bruno Tavares,bruno.tavares@gmail.com,6,"Python, Flask, PostgreSQL, Redis, Docker, Kubernetes, CI/CD","Maestria en Ingenieria de Software, Universidad Nacional de Cordoba",derivado
test,"VERONICA LUNA
Caracas, Venezuela | +8 712 7758 | veronica.luna@gmail.com | LinkedIn: linkedin.com/in/veronicaluna

Objetivo
Desarrollo backend orientado a resultados con mas de 6 años de experiencia en la construccion de aplicaciones web escalables. Buscando aprovechar mi experiencia en Python y tecnologias en la nube para impulsar la innovacion en una empresa con vision de futuro.

Educacion
Ingenieria en Computacion
Instituto Tecnologico de Monterrey
Graduado: 2017

Habilidades Tecnicas
- Lenguajes: Python
- frameworks: fastapi
- Bases de Datos: MySQL, MongoDB
- herramientas: aws, terraform, redis

Experiencia
Ingeniero de Software Backend
DataPagos - SaaS B2B, Caracas, Venezuela
Julio 2022 - Presente
- Implemente pipelines de CI/CD utilizando Jenkins y Docker para agilizar los procesos de despliegue.
- Cree APIs RESTful para varias aplicaciones, mejorando la accesibilidad e integracion de datos.
- Lidere el desarrollo de una arquitectura de microservicios para una plataforma de gran escala.
Backend Engineer
DataPagos - EdTech, Caracas, Venezuela
Noviembre 2019 - 2022
- Implemente pipelines de CI/CD utilizando Jenkins y Docker para agilizar los procesos de despliegue.
- desarrolle y mantuve aplicaciones web utilizando fastapi y apis restful.
- Lidere el desarrollo de una arquitectura de microservicios para una plataforma de gran escala.

Proyectos
- Tuberia de Procesamiento de Datos: Desarrolle una tuberia de procesamiento utilizando Python y Apache Kafka, habilitando analisis de datos en tiempo real.
- Aplicacion Nativa de la Nube: Diseñe e implemente una aplicacion nativa de la nube utilizando FastAPI y Kubernetes, logrando una reduccion del 40% en costos operativos.

Certificaciones
- AWS Solutions Architect - Associate

Idiomas
Español: nativo.
Ingles avanzado (C1).
Frances: b1.

Voluntario en comunidades de software libre los fines de semana.",Veronica Luna,veronica.luna@gmail.com,6,"Python, FastAPI, MySQL, MongoDB, AWS, Terraform, Redis","Ingenieria en Computacion, Instituto Tecnologico de Monterrey",derivado
test,"Emilia Rojas
Buenos Aires, Argentina | +97 977 1921 | emilia.rojas @ outlook.com | GitHub: github.com/emiliarojas

Objetivo
Senior consumado con mas de 6 años de experiencia en ingenieria de software y liderazgo de equipos. Buscando aprovechar mi experiencia en Python y Django y DRF para impulsar proyectos impactantes.

Educacion
Ingenieria en Sistemas de Informacion
Universidad Nacional de Colombia
Graduado: 2017

Habilidades Tecnicas
- Lenguajes: Python
- Frameworks: Django, DRF
- Bases de Datos: PostgreSQL, MongoDB
- Herramientas: GCP, Celery, RabbitMQ

Experiencia
Backend Engineer
technova - retail, buenos aires, argentina
Enero 2022 - Presente
- Implemente pipelines de CI/CD utilizando Jenkins y Docker para agilizar los procesos de despliegue.
- Mentorie a desarrolladores junior y realice revisiones de codigo para asegurar las mejores practicas.
- escribi pruebas unitarias para asegurar la calidad y confiabilidad del codigo.
Desarrollador Backend Senior
SaludTech - Logistica, Buenos Aires, Argentina
Julio 2019 - 2022
- Mentorie a desarrolladores junior y realice revisiones de codigo para asegurar las mejores practicas.
- Escribi pruebas unitarias para asegurar la calidad y confiabilidad del codigo.
- Implemente medidas de cifrado y seguridad para proteger informacion sensible.

Proyectos
- Tuberia de Procesamiento de Datos: Desarrolle una tuberia de procesamiento utilizando Python y Apache Kafka, habilitando analisis de datos en tiempo real.
- Aplicacion de Banca en Linea: Diseñe una plataforma de banca en linea utilizando Django, gestionando cuentas y transacciones de forma segura.

Certificaciones
- AWS Solutions Architect - Associate

idiomas
Español: nativo.
Ingles basico (A2), en mejora.
Italiano: a2.

Me apasiona el clean code y la mentoria de equipos.",Emilia Rojas,emilia.rojas@outlook.com,6,"Python, Django, DRF, PostgreSQL, MongoDB, GCP, Celery, RabbitMQ","Ingenieria en Sistemas de Informacion, Universidad Nacional de Colombia",derivado
train,"Ing. Javier Molina
buenos aires, argentina | +10 211 9729 | javier.molina arroba gmail.com | linkedin: linkedin.com/in/javiermolina

Objetivo
Senior consumado con mas de 6 años de experiencia en ingenieria de software y liderazgo de equipos. Buscando aprovechar mi experiencia en JavaScript y React y Angular para impulsar proyectos impactantes.

Educacion
Ingenieria en Sistemas de Informacion
Universidad Tecnologica Nacional
Graduado: 2018

Habilidades Tecnicas
- Lenguajes: JavaScript
- Frameworks: React, Angular
- Bases de Datos: PostgreSQL
- Herramientas: TypeScript, CSS

Experiencia
Desarrollador Frontend
Nubeles - Frontend, Buenos Aires, Argentina
Junio 2022 - Presente
- Optimice el rendimiento de la aplicacion a traves de la refactorizacion de codigo y la indexacion de bases de datos.
- Desarrolle y mantuve aplicaciones web utilizando Django y React, mejorando el compromiso del usuario en un 30%.
Frontend Developer
Nubeles - E-commerce, Buenos Aires, Argentina
Junio 2019 - 2022
- Desarrolle y mantuve aplicaciones web utilizando Django y React, mejorando el compromiso del usuario en un 30%.
- Integre el frontend con APIs RESTful y servicios de backend.
- Colabore con diseñadores UX/UI para implementar diseños responsivos y mejorar la experiencia del usuario.

Proyectos
- Aplicacion de Blog: Desarrolle una plataforma de blogs con autenticacion de usuarios y gestion de contenido.
- Plataforma de Aprendizaje en Linea: Cree una plataforma full-stack utilizando Django y React, permitiendo inscripcion a cursos y seguimiento de progreso.

Certificaciones
- Meta Front-End Developer (Coursera)

Idiomas
Espanol: nativo.
ingles b2 (lectura tecnica y reuniones).

Voluntario en comunidades de software libre los fines de semana.",Javier Molina,javier.molina@gmail.com,6,"JavaScript, React, Angular, PostgreSQL, TypeScript, CSS","Ingenieria en Sistemas de Informacion, Universidad Tecnologica Nacional",derivado
train,"Lucas Benitez
Cordoba, Argentina | +88 648 9818 | lucas.benitez@gmail.com | GitHub: github.com/lucasbenitez

Objetivo
ciencia de datos orientado a resultados con 7 anos de experiencia en la industria ciencia de datos. buscando aprovechar mis habilidades en el desarrollo de aplicaciones seguras y eficientes con python.

Educacion
Ingenieria en Informatica
Universidad de la Republica
Graduado: 2016

Habilidades Tecnicas
- Lenguajes: Python, SQL
- Frameworks: Pandas, Scikit-learn
- Bases de Datos: PostgreSQL
- Herramientas: NumPy

experiencia
Data Scientist
ByteForge - Ciencia de Datos, Cordoba, Argentina
Mayo 2022 - Presente
- preprocese y analice grandes conjuntos de datos utilizando pandas y numpy.
- Cree paneles interactivos utilizando Tableau para visualizar indicadores clave de rendimiento.
- Desarrolle modelos predictivos utilizando Scikit-learn para pronosticar tendencias de ventas, resultando en un aumento del 15% en ingresos.
Data Scientist
CloudFin - Fintech, Cordoba, Argentina
Agosto 2018 - 2022
- Colabore con ingenieros de datos para disenar procesos ETL para la extraccion y transformacion de datos.
- Cree paneles interactivos utilizando Tableau para visualizar indicadores clave de rendimiento.
- Desplegue modelos de aprendizaje automatico en produccion utilizando AWS SageMaker.
- Preprocese y analice grandes conjuntos de datos utilizando Pandas y NumPy.

Proyectos
- Segmentacion de Clientes: Implemente algoritmos de agrupamiento para segmentar clientes segun su comportamiento de compra, mejorando las estrategias de marketing dirigidas.
- Modelo de Clasificacion de Imagenes: Desarrolle una red neuronal convolucional (CNN), logrando un 95% de precision en los datos de prueba.

Certificaciones
- TensorFlow Developer Certificate

Idiomas
Español: nativo.
Ingles avanzado (C1).
Frances: b1.

Referencias disponibles a pedido.",Lucas Benitez,lucas.benitez@gmail.com,7,"Python, Pandas, Scikit-learn, PostgreSQL, NumPy, SQL","Ingenieria en Informatica, Universidad de la Republica",derivado
train,"Romina Caceres
Rosario, Argentina | +72 438 9129 | romina.caceres@mail.com | GitHub: github.com/rominacaceres

Objetivo
Devops e infraestructura orientado a resultados con 8 años de experiencia en la industria DevOps. Buscando aprovechar mis habilidades en el desarrollo de aplicaciones seguras y eficientes con Bash.

Educacion
Licenciatura en Sistemas
Universidad Nacional de Cordoba
Graduado: 2015

Habilidades Tecnicas
- Lenguajes: Bash
- frameworks: terraform, ansible
- Bases de Datos: PostgreSQL
- Herramientas: Kubernetes, Python

Experiencia
Ingeniero DevOps / SRE
TechNova - DevOps, Rosario, Argentina
Junio 2021 - Presente
- Implemente infraestructura como codigo (IaC) utilizando Terraform, mejorando la escalabilidad y confiabilidad.
- Automatice procesos de despliegue utilizando Jenkins y Docker, reduciendo el tiempo de despliegue en un 50%.
Ingeniero DevOps / SRE
RetailHub - Salud, Rosario, Argentina
Enero 2017 - 2021
- Implemente infraestructura como codigo (IaC) utilizando Terraform, mejorando la escalabilidad y confiabilidad.
- Administre clusters de Kubernetes y monitoreo con Prometheus.
- Automatice procesos de despliegue utilizando Jenkins y Docker, reduciendo el tiempo de despliegue en un 50%.
- Colabore con equipos de desarrollo para asegurar la integracion fluida de aplicaciones.

Proyectos
- Sistema de Monitoreo: Desarrolle un sistema de monitoreo utilizando Python y Prometheus para rastrear el rendimiento y tiempo de actividad de la aplicacion.
- Implementacion de Pipeline de CI/CD: Diseñe e implemente un pipeline de CI/CD para una arquitectura de microservicios, mejorando la frecuencia de despliegue.

certificaciones
- AWS DevOps Engineer - Professional

Idiomas
Español: nativo.
Ingles C2, casi nativo.
Italiano: a2.

Disponibilidad inmediata. Abierto a modalidad remota.",Romina Caceres,romina.caceres@mail.com,8,"Bash, Terraform, Ansible, PostgreSQL, Kubernetes, Python","Licenciatura en Sistemas, Universidad Nacional de Cordoba",derivado
train,"DAMIAN FERREYRA
Montevideo, Uruguay | +75 417 3122 | damian.ferreyra @ correo.com | GitHub: github.com/damianferreyra

objetivo
Desarrollo mobile orientado a resultados con 9 años de experiencia en la industria Mobile. Buscando aprovechar mis habilidades en el desarrollo de aplicaciones seguras y eficientes con Kotlin.

Educacion
Maestria en Ingenieria de Software
Universidad Nacional de Cordoba
Graduado: 2015

Habilidades Tecnicas
- Lenguajes: Kotlin
- Frameworks: Jetpack Compose
- Bases de Datos: PostgreSQL
- Herramientas: Swift

Experiencia
Mobile Developer
MercadoStack - Mobile, Montevideo, Uruguay
Marzo 2022 - Presente
- Implemente arquitectura MVVM y consumo de APIs REST.
- Optimice el uso de memoria y bateria de la aplicacion.
- Desarrolle apps nativas Android/Kotlin publicadas en Play Store.
Mobile Developer
EduPlatform - Fintech, Montevideo, Uruguay
Febrero 2019 - 2022
- Implemente arquitectura MVVM y consumo de APIs REST.
- Optimice el uso de memoria y bateria de la aplicacion.
- Desarrolle apps nativas Android/Kotlin publicadas en Play Store.
Desarrollador Android
SaludTech - E-commerce, Montevideo, Uruguay
Septiembre 2016 - 2019
- Desarrolle apps nativas Android/Kotlin publicadas en Play Store.
- Optimice el uso de memoria y bateria de la aplicacion.
- Implemente arquitectura MVVM y consumo de APIs REST.

Proyectos
- App de Delivery: Aplicacion Android con tracking en tiempo real.

Certificaciones
- Associate Android Developer (Google)

Idiomas
Español: nativo.
Ingles nativo.
Aleman: b1.

Disponibilidad inmediata. Abierto a modalidad remota.",Damian Ferreyra,damian.ferreyra@correo.com,9,"Kotlin, Jetpack Compose, PostgreSQL, Swift","Maestria en Ingenieria de Software, Universidad Nacional de Cordoba",derivado
train,"Mg. Nora Santillan
Santiago, Chile | +78 972 4830 | nora.santillan@correo.com | LinkedIn: linkedin.com/in/norasantillan

Objetivo
Qa y automatizacion con 6 años de experiencia y una solida base en Python. Buscando un rol desafiante para aprovechar mis habilidades en Selenium y el diseño de APIs sobre PostgreSQL.

educacion
Ingenieria Civil Informatica
Universidad Nacional de Cordoba
Graduado: 2018

Habilidades Tecnicas
- Lenguajes: Python
- Frameworks: Selenium
- Bases de Datos: PostgreSQL
- Herramientas: Cypress, Jira

Experiencia
Analista de QA
Nubeles - QA, Santiago, Chile
Enero 2022 - Presente
- Diseñe suites de pruebas automatizadas con Selenium y scripts en Python.
- Implemente pruebas de regresion en el pipeline de CI.
Analista de QA
Logix - Fintech, Santiago, Chile
Agosto 2019 - 2022
- Reporte y di seguimiento a defectos junto al equipo de desarrollo.
- Implemente pruebas de regresion en el pipeline de CI.
- Diseñe suites de pruebas automatizadas con Selenium y scripts en Python.

Proyectos
- Framework de Automatizacion: Suite de regresion E2E con Selenium.

Certificaciones
- ISTQB Certified Tester

Idiomas
Español: nativo.
Ingles B2 (lectura tecnica y reuniones).

Me apasiona el clean code y la mentoria de equipos.",Nora Santillan,nora.santillan@correo.com,6,"Python, Selenium, PostgreSQL, Cypress, Jira","Ingenieria Civil Informatica, Universidad Nacional de Cordoba",derivado
train,"Bruno Salazar
Sao Paulo, Brasil | +80 348 7880 | bruno.salazar@outlook.com | LinkedIn: linkedin.com/in/brunosalazar

Objetivo
Profesional de desarrollo backend orientado a los detalles con 7 años de experiencia en desarrollo de software. Deseoso de contribuir a proyectos innovadores con Java y mejorar mis habilidades en un entorno colaborativo.

Educacion
Analista de Sistemas
Pontificia Universidad Catolica de Chile
Graduado: 2017

Habilidades Tecnicas
- Lenguajes: Java
- frameworks: spring boot
- Bases de Datos: PostgreSQL
- Herramientas: Maven, Hibernate

Experiencia
Ingeniero de Software Backend
MercadoStack - Backend, Sao Paulo, Brasil
Septiembre 2022 - Presente
- Implemente medidas de cifrado y seguridad para proteger informacion sensible.
- mentorie a desarrolladores junior y realice revisiones de codigo para asegurar las mejores practicas.
Backend Engineer
Pagosur - Retail, Sao Paulo, Brasil
julio 2018 - 2022
- Cree APIs RESTful para varias aplicaciones, mejorando la accesibilidad e integracion de datos.
- Implemente medidas de cifrado y seguridad para proteger informacion sensible.
- Lidere el desarrollo de una arquitectura de microservicios para una plataforma de gran escala.
- Desarrolle y mantuve aplicaciones web utilizando Spring Boot y APIs RESTful.

Proyectos
- tuberia de procesamiento de datos: desarrolle una tuberia de procesamiento utilizando python y apache kafka, habilitando analisis de datos en tiempo real.
- Aplicacion de Banca en Linea: Diseñe una plataforma de banca en linea utilizando Spring Boot, gestionando cuentas y transacciones de forma segura.

Certificaciones
- AWS Solutions Architect - Associate

Idiomas
Español: nativo.
ingles avanzado (c1).
Portugues: nativo.
Frances: b1.

Disponibilidad inmediata. Abierto a modalidad remota.",Bruno Salazar,bruno.salazar@outlook.com,7,"Java, Spring Boot, PostgreSQL, Maven, Hibernate","Analista de Sistemas, Pontificia Universidad Catolica de Chile",derivado
val,"Cecilia Bustos
Florianopolis, Brasil | +95 431 2771 | cecilia.bustos@gmail.com | GitHub: github.com/ceciliabustos

Objetivo
Desarrollo backend orientado a resultados con mas de 8 años de experiencia en la construccion de aplicaciones web escalables. Buscando aprovechar mi experiencia en PHP y tecnologias en la nube para impulsar la innovacion en una empresa con vision de futuro.

Educacion
ingenieria civil informatica
Pontificia Universidad Catolica de Chile
Graduado: 2016

Habilidades Tecnicas
- Lenguajes: PHP
- frameworks: laravel
- Bases de Datos: PostgreSQL
- Herramientas: Composer, MySQL

Experiencia
Ingeniero de Software Backend
TechNova - Backend, Florianopolis, Brasil
Febrero 2023 - Presente
- Implemente pipelines de CI/CD utilizando Jenkins y Docker para agilizar los procesos de despliegue.
- Cree APIs RESTful para varias aplicaciones, mejorando la accesibilidad e integracion de datos.
- Desarrolle y mantuve aplicaciones web utilizando Laravel y APIs RESTful.
Backend Engineer
EduPlatform - EdTech, Florianopolis, Brasil
Julio 2020 - 2023
- Desarrolle y mantuve aplicaciones web utilizando Laravel y APIs RESTful.
- Cree APIs RESTful para varias aplicaciones, mejorando la accesibilidad e integracion de datos.
- Optimice el rendimiento a traves de la refactorizacion de codigo y la indexacion de PostgreSQL.
- Escribi pruebas unitarias para asegurar la calidad y confiabilidad del codigo.
Backend Engineer
CloudFin - Salud, Florianopolis, Brasil
Noviembre 2017 - 2020
- Implemente medidas de cifrado y seguridad para proteger informacion sensible.
- Mentorie a desarrolladores junior y realice revisiones de codigo para asegurar las mejores practicas.

Proyectos
- Aplicacion Nativa de la Nube: Diseñe e implemente una aplicacion nativa de la nube utilizando Laravel y Kubernetes, logrando una reduccion del 40% en costos operativos.
- Aplicacion de Banca en Linea: Diseñe una plataforma de banca en linea utilizando Laravel, gestionando cuentas y transacciones de forma segura.

Certificaciones
- AWS Solutions Architect - Associate

Idiomas
Español: nativo.
Ingles C2, casi nativo.
Portugues: nativo.
Italiano: a2.

Padre de dos hijos. Fanatico del mate y el asado de los domingos.",Cecilia Bustos,cecilia.bustos@gmail.com,8,"PHP, Laravel, PostgreSQL, Composer, MySQL","Ingenieria Civil Informatica, Pontificia Universidad Catolica de Chile",derivado
val,"Hector Pineda
Recife, Brasil | +54 150 4846 | hector.pineda@mail.com | LinkedIn: linkedin.com/in/hectorpineda

Objetivo
Senior consumado con mas de 9 años de experiencia en ingenieria de software y liderazgo de equipos. Buscando aprovechar mi experiencia en Go y Gin para impulsar proyectos impactantes.

Educacion
Licenciatura en Ciencias de la Computacion
Instituto Tecnologico de Monterrey
Graduado: 2014

Habilidades Tecnicas
- Lenguajes: Go
- Frameworks: Gin
- Bases de Datos: PostgreSQL
- Herramientas: gRPC, Docker

Experiencia
Backend Engineer
Nubeles - Backend, Recife, Brasil
Diciembre 2022 - Presente
- Implemente medidas de cifrado y seguridad para proteger informacion sensible.
- Optimice el rendimiento a traves de la refactorizacion de codigo y la indexacion de PostgreSQL.
Backend Engineer
Pagosur - Retail, Recife, Brasil
Abril 2019 - 2022
- Optimice el rendimiento a traves de la refactorizacion de codigo y la indexacion de PostgreSQL.
- Escribi pruebas unitarias para asegurar la calidad y confiabilidad del codigo.
- Cree APIs RESTful para varias aplicaciones, mejorando la accesibilidad e integracion de datos.
Ingeniero de Software Backend
Nubeles - EdTech, Recife, Brasil
Febrero 2016 - 2019
- Optimice el rendimiento a traves de la refactorizacion de codigo y la indexacion de PostgreSQL.
- Desarrolle y mantuve aplicaciones web utilizando Gin y APIs RESTful.
- Implemente medidas de cifrado y seguridad para proteger informacion sensible.
- Implemente pipelines de CI/CD utilizando Jenkins y Docker para agilizar los procesos de despliegue.

Proyectos
- Aplicacion de Banca en Linea: Diseñe una plataforma de banca en linea utilizando Gin, gestionando cuentas y transacciones de forma segura.
- Tuberia de Procesamiento de Datos: Desarrolle una tuberia de procesamiento utilizando Python y Apache Kafka, habilitando analisis de datos en tiempo real.

Certificaciones
- AWS Solutions Architect - Associate

Idiomas
Español: nativo.
Ingles nativo.
Portugues: nativo.
Aleman: b1.

Voluntario en comunidades de software libre los fines de semana.",Hector Pineda,hector.pineda@mail.com,9,"Go, Gin, PostgreSQL, gRPC, Docker","Licenciatura en Ciencias de la Computacion, Instituto Tecnologico de Monterrey",derivado
val,"DRA. VALERIA OCAMPO
bogota, colombia | +82 437 7667 | valeria.ocampo@proton.me | github: github.com/valeriaocampo

Objetivo
Desarrollo frontend orientado a resultados con mas de 6 años de experiencia en la construccion de aplicaciones web escalables. Buscando aprovechar mi experiencia en JavaScript y tecnologias en la nube para impulsar la innovacion en una empresa con vision de futuro.

Educacion
Maestria en Ingenieria de Software
Universidad Nacional de Ingenieria
Graduado: 2018

Habilidades Tecnicas
- Lenguajes: JavaScript
- Frameworks: React, Angular
- Bases de Datos: PostgreSQL
- Herramientas: TypeScript, CSS

Experiencia
Desarrollador Frontend
MercadoStack - Frontend, Bogota, Colombia
Agosto 2022 - Presente
- optimice el rendimiento de la aplicacion a traves de la refactorizacion de codigo y la indexacion de bases de datos.
- Integre el frontend con APIs RESTful y servicios de backend.
Frontend Developer
TechNova - Fintech, Bogota, Colombia
Agosto 2019 - 2022
- Desarrolle y mantuve aplicaciones web utilizando Django y React, mejorando el compromiso del usuario en un 30%.
- Colabore con diseñadores UX/UI para implementar diseños responsivos y mejorar la experiencia del usuario.
- Integre el frontend con APIs RESTful y servicios de backend.

Proyectos
- plataforma de aprendizaje en linea: cree una plataforma full-stack utilizando django y react, permitiendo inscripcion a cursos y seguimiento de progreso.
- Aplicacion de Blog: Desarrolle una plataforma de blogs con autenticacion de usuarios y gestion de contenido.

Certificaciones
- Meta Front-End Developer (Coursera)

Idiomas
Español: nativo.
ingles b2 (lectura tecnica y reuniones).

Hobbies: ajedrez, running (mejor marca 3h45 en maraton) y fotografia.",Valeria Ocampo,valeria.ocampo@proton.me,6,"JavaScript, React, Angular, PostgreSQL, TypeScript, CSS","Maestria en Ingenieria de Software, Universidad Nacional de Ingenieria",derivado
val,"Raul Esquivel
Medellin, Colombia | +61 237 7824 | raul.esquivel@gmail.com | LinkedIn: linkedin.com/in/raulesquivel

objetivo
ciencia de datos orientado a resultados con mas de 7 años de experiencia en la construccion de aplicaciones web escalables. buscando aprovechar mi experiencia en python y tecnologias en la nube para impulsar la innovacion en una empresa con vision de futuro.

Educacion
Ingenieria en Sistemas de Informacion
Universidad de Chile
Graduado: 2017

Habilidades Tecnicas
- Lenguajes: Python, SQL
- Frameworks: Pandas, Scikit-learn
- Bases de Datos: PostgreSQL
- Herramientas: NumPy

Experiencia
Cientifico de Datos
Nubeles - Ciencia de Datos, Medellin, Colombia
Febrero 2022 - Presente
- Colabore con ingenieros de datos para diseñar procesos ETL para la extraccion y transformacion de datos.
- Desplegue modelos de aprendizaje automatico en produccion utilizando AWS SageMaker.
- Diseñe e implemente modelos de aprendizaje automatico para analisis predictivo, mejorando los procesos de toma de decisiones.
Data Scientist
Pagosur - SaaS B2B, Medellin, Colombia
Diciembre 2018 - 2022
- Preprocese y analice grandes conjuntos de datos utilizando Pandas y NumPy.
- Desplegue modelos de aprendizaje automatico en produccion utilizando AWS SageMaker.

Proyectos
- Modelo de Clasificacion de Imagenes: Desarrolle una red neuronal convolucional (CNN), logrando un 95% de precision en los datos de prueba.
- Segmentacion de Clientes: Implemente algoritmos de agrupamiento para segmentar clientes segun su comportamiento de compra, mejorando las estrategias de marketing dirigidas.

Certificaciones
- TensorFlow Developer Certificate

Idiomas
Español: nativo.
Ingles avanzado (C1).
Frances: b1.

Hobbies: ajedrez, running (mejor marca 3h45 en maraton) y fotografia.",Raul Esquivel,raul.esquivel@gmail.com,7,"Python, Pandas, Scikit-learn, PostgreSQL, NumPy, SQL","Ingenieria en Sistemas de Informacion, Universidad de Chile",derivado
val,"Florencia Vidal
Lima, Peru | +49 853 9466 | florencia.vidal @ outlook.com | GitHub: github.com/florenciavidal

Objetivo
Profesional de DevOps e infraestructura orientado a los detalles con 8 años de experiencia en desarrollo de software. Deseoso de contribuir a proyectos innovadores con Bash y mejorar mis habilidades en un entorno colaborativo.

Educacion
Licenciatura en Sistemas
Universidad de Chile
Graduado: 2017

Habilidades Tecnicas
- Lenguajes: Bash
- Frameworks: Terraform, Ansible
- Bases de Datos: PostgreSQL
- herramientas: kubernetes, python

Experiencia
DevOps Engineer
Logix - DevOps, Lima, Peru
Enero 2021 - Presente
- Automatice procesos de despliegue utilizando Jenkins y Docker, reduciendo el tiempo de despliegue en un 50%.
- Administre clusters de Kubernetes y monitoreo con Prometheus.
devops engineer
ByteForge - Fintech, Lima, Peru
Febrero 2017 - 2021
- Implemente infraestructura como codigo (IaC) utilizando Terraform, mejorando la escalabilidad y confiabilidad.
- Automatice procesos de despliegue utilizando Jenkins y Docker, reduciendo el tiempo de despliegue en un 50%.
- Colabore con equipos de desarrollo para asegurar la integracion fluida de aplicaciones.
- Administre clusters de Kubernetes y monitoreo con Prometheus.

Proyectos
- Implementacion de Pipeline de CI/CD: Diseñe e implemente un pipeline de CI/CD para una arquitectura de microservicios, mejorando la frecuencia de despliegue.
- Sistema de Monitoreo: Desarrolle un sistema de monitoreo utilizando Python y Prometheus para rastrear el rendimiento y tiempo de actividad de la aplicacion.

Certificaciones
- Terraform Associate

Idiomas
Español: nativo.
Ingles C2, casi nativo.
Italiano: a2.

Padre de dos hijos. Fanatico del mate y el asado de los domingos.",Florencia Vidal,florencia.vidal@outlook.com,8,"Bash, Terraform, Ansible, PostgreSQL, Kubernetes, Python","Licenciatura en Sistemas, Universidad de Chile",derivado
test,"Ignacio Ferrer
Quito, Ecuador | +14 801 7753 | ignacio.ferrer@gmail.com | GitHub: github.com/ignacioferrer

Objetivo
Desarrollo mobile orientado a resultados con mas de 9 años de experiencia en la construccion de aplicaciones web escalables. Buscando aprovechar mi experiencia en Kotlin y tecnologias en la nube para impulsar la innovacion en una empresa con vision de futuro.

Educacion
Analista de Sistemas
Universidad Nacional de Colombia
Graduado: 2016

Habilidades Tecnicas
- Lenguajes: Kotlin
- Frameworks: Jetpack Compose
- Bases de Datos: PostgreSQL
- Herramientas: Swift

Experiencia
Desarrollador Android
RetailHub - Mobile, Quito, Ecuador
Febrero 2021 - Presente
- Implemente arquitectura MVVM y consumo de APIs REST.
- Optimice el uso de memoria y bateria de la aplicacion.
- Desarrolle apps nativas Android/Kotlin publicadas en Play Store.
Mobile Developer
TechNova - Retail, Quito, Ecuador
Julio 2016 - 2021
- implemente arquitectura mvvm y consumo de apis rest.
- Optimice el uso de memoria y bateria de la aplicacion.

Proyectos
- App de Delivery: Aplicacion Android con tracking en tiempo real.

Certificaciones
- Associate Android Developer (Google)

Idiomas
Español: nativo.
Ingles nativo.
aleman: b1.

Hobbies: ajedrez, running (mejor marca 3h45 en maraton) y fotografia.",Ignacio Ferrer,ignacio.ferrer@gmail.com,9,"Kotlin, Jetpack Compose, PostgreSQL, Swift","Analista de Sistemas, Universidad Nacional de Colombia",derivado
test,"Dr. Tomas Bianchi
Ciudad de Mexico, Mexico | +28 487 5374 | tomas.bianchi@correo.com | GitHub: github.com/tomasbianchi

Objetivo
Qa y automatizacion con 6 años de experiencia y una solida base en Python. Buscando un rol desafiante para aprovechar mis habilidades en Selenium y el diseño de APIs sobre PostgreSQL.

Educacion
tecnicatura en programacion
Universidad Nacional de Ingenieria
Graduado: 2018

Habilidades Tecnicas
- Lenguajes: Python
- Frameworks: Selenium
- Bases de Datos: PostgreSQL
- Herramientas: Cypress, Jira

Experiencia
QA Automation Engineer
TechNova - QA, Ciudad de Mexico, Mexico
Junio 2022 - Presente
- Implemente pruebas de regresion en el pipeline de CI.
- Reporte y di seguimiento a defectos junto al equipo de desarrollo.
- Diseñe suites de pruebas automatizadas con Selenium y scripts en Python.
QA Automation Engineer
ByteForge - Retail, Ciudad de Mexico, Mexico
octubre 2019 - 2022
- Implemente pruebas de regresion en el pipeline de CI.
- Diseñe suites de pruebas automatizadas con Selenium y scripts en Python.

Proyectos
- Framework de Automatizacion: Suite de regresion E2E con Selenium.

Certificaciones
- ISTQB Certified Tester

Idiomas
Español: nativo.
Ingles B2 (lectura tecnica y reuniones).

Padre de dos hijos. Fanatico del mate y el asado de los domingos.",Tomas Bianchi,tomas.bianchi@correo.com,6,"Python, Selenium, PostgreSQL, Cypress, Jira","Tecnicatura en Programacion, Universidad Nacional de Ingenieria",derivado
test,"PAULA MIRANDA
Guadalajara, Mexico | +59 447 2467 | paula.miranda @ outlook.com | LinkedIn: linkedin.com/in/paulamiranda

Objetivo
Desarrollo backend con 7 anos de experiencia y una solida base en Java. Buscando un rol desafiante para aprovechar mis habilidades en Spring Boot y el diseño de APIs sobre PostgreSQL.

Educacion
Licenciatura en Ciencias de la Computacion
Universidad Nacional Autonoma de Mexico
Graduado: 2018

Habilidades Tecnicas
- Lenguajes: Java
- Frameworks: Spring Boot
- Bases de Datos: PostgreSQL
- Herramientas: Maven, Hibernate

Experiencia
Ingeniero de Software Backend
CloudFin - Backend, Guadalajara, Mexico
Marzo 2022 - Presente
- Mentorie a desarrolladores junior y realice revisiones de codigo para asegurar las mejores practicas.
- Implemente medidas de cifrado y seguridad para proteger informacion sensible.
- Lidere el desarrollo de una arquitectura de microservicios para una plataforma de gran escala.
- Desarrolle y mantuve aplicaciones web utilizando Spring Boot y APIs RESTful.
Desarrollador Backend Senior
Nubeles - SaaS B2B, Guadalajara, Mexico
Septiembre 2018 - 2022
- Optimice el rendimiento a traves de la refactorizacion de codigo y la indexacion de PostgreSQL.
- Desarrolle y mantuve aplicaciones web utilizando Spring Boot y APIs RESTful.

proyectos
- Plataforma de Comercio Electronico: Arquitecte y desarrolle una plataforma escalable utilizando Spring Boot y AWS, manejando miles de usuarios concurrentes.
- Aplicacion de Banca en Linea: Diseñe una plataforma de banca en linea utilizando Spring Boot, gestionando cuentas y transacciones de forma segura.

Certificaciones
- Certified Kubernetes Administrator (CKA)

Idiomas
Español: nativo.
Ingles avanzado (C1).
Frances: b1.

Disponibilidad inmediata. Abierto a modalidad remota.",Paula Miranda,paula.miranda@outlook.com,7,"Java, Spring Boot, PostgreSQL, Maven, Hibernate","Licenciatura en Ciencias de la Computacion, Universidad Nacional Autonoma de Mexico",derivado
test,"lorena cabrera
Asuncion, Paraguay | +43 624 7590 | lorena.cabrera@proton.me | LinkedIn: linkedin.com/in/lorenacabrera

Objetivo
Desarrollo backend con 8 años de experiencia y una solida base en PHP. Buscando un rol desafiante para aprovechar mis habilidades en Laravel y el diseño de APIs sobre PostgreSQL.

Educacion
Ingenieria en Informatica
Universidad Nacional Autonoma de Mexico
Graduado: 2017

Habilidades Tecnicas
- Lenguajes: PHP
- Frameworks: Laravel
- Bases de Datos: PostgreSQL
- Herramientas: Composer, MySQL

Experiencia
Desarrollador Backend Senior
MercadoStack - Backend, Asuncion, Paraguay
Octubre 2023 - Presente
- Mentorie a desarrolladores junior y realice revisiones de codigo para asegurar las mejores practicas.
- Cree APIs RESTful para varias aplicaciones, mejorando la accesibilidad e integracion de datos.
Desarrollador Backend Senior
TechNova - E-commerce, Asuncion, Paraguay
Julio 2020 - 2023
- Implemente pipelines de CI/CD utilizando Jenkins y Docker para agilizar los procesos de despliegue.
- Escribi pruebas unitarias para asegurar la calidad y confiabilidad del codigo.
- Implemente medidas de cifrado y seguridad para proteger informacion sensible.
Desarrollador Backend Senior
CloudFin - Retail, Asuncion, Paraguay
Enero 2017 - 2020
- Desarrolle y mantuve aplicaciones web utilizando Laravel y APIs RESTful.
- Optimice el rendimiento a traves de la refactorizacion de codigo y la indexacion de PostgreSQL.
- Implemente pipelines de CI/CD utilizando Jenkins y Docker para agilizar los procesos de despliegue.

Proyectos
- Aplicacion de Banca en Linea: Diseñe una plataforma de banca en linea utilizando Laravel, gestionando cuentas y transacciones de forma segura.
- Aplicacion Nativa de la Nube: Diseñe e implemente una aplicacion nativa de la nube utilizando Laravel y Kubernetes, logrando una reduccion del 40% en costos operativos.

Certificaciones
- Certified Kubernetes Administrator (CKA)

Idiomas
español: nativo.
ingles c2, casi nativo.
Italiano: a2.

Voluntario en comunidades de software libre los fines de semana.",Lorena Cabrera,lorena.cabrera@proton.me,8,"PHP, Laravel, PostgreSQL, Composer, MySQL","Ingenieria en Informatica, Universidad Nacional Autonoma de Mexico",derivado
test,"Emanuel Rios
La Paz, Bolivia | +5 238 4256 | emanuel.rios arroba outlook.com | GitHub: github.com/emanuelrios

Objetivo
Desarrollo backend orientado a resultados con 9 años de experiencia en la industria Backend. Buscando aprovechar mis habilidades en el desarrollo de aplicaciones seguras y eficientes con Go.

Educacion
Tecnicatura en Programacion
Pontificia Universidad Catolica de Chile
Graduado: 2014

Habilidades Tecnicas
- Lenguajes: Go
- Frameworks: Gin
- Bases de Datos: PostgreSQL
- Herramientas: gRPC, Docker

Experiencia
Backend Engineer
Pagosur - Backend, La Paz, Bolivia
Febrero 2022 - Presente
- Implemente medidas de cifrado y seguridad para proteger informacion sensible.
- cree apis restful para varias aplicaciones, mejorando la accesibilidad e integracion de datos.
- Optimice el rendimiento a traves de la refactorizacion de codigo y la indexacion de PostgreSQL.
desarrollador backend senior
RetailHub - Salud, La Paz, Bolivia
Enero 2019 - 2022
- Cree APIs RESTful para varias aplicaciones, mejorando la accesibilidad e integracion de datos.
- Implemente pipelines de CI/CD utilizando Jenkins y Docker para agilizar los procesos de despliegue.
Desarrollador Backend Senior
DataPagos - EdTech, La Paz, Bolivia
Abril 2016 - 2019
- Mentorie a desarrolladores junior y realice revisiones de codigo para asegurar las mejores practicas.
- Implemente medidas de cifrado y seguridad para proteger informacion sensible.
- Optimice el rendimiento a traves de la refactorizacion de codigo y la indexacion de PostgreSQL.
- Escribi pruebas unitarias para asegurar la calidad y confiabilidad del codigo.

Proyectos
- Aplicacion Nativa de la Nube: Diseñe e implemente una aplicacion nativa de la nube utilizando Gin y Kubernetes, logrando una reduccion del 40% en costos operativos.
- Aplicacion de Banca en Linea: Diseñe una plataforma de banca en linea utilizando Gin, gestionando cuentas y transacciones de forma segura.

Certificaciones
- AWS Solutions Architect - Associate

Idiomas
Español: nativo.
Ingles nativo.
Aleman: b1.

Disponibilidad inmediata. Abierto a modalidad remota.",Emanuel Rios,emanuel.rios@outlook.com,9,"Go, Gin, PostgreSQL, gRPC, Docker","Tecnicatura en Programacion, Pontificia Universidad Catolica de Chile",derivado
test,"LIC. GREGORIO PAZ
San Jose, Costa Rica | +45 820 5875 | gregorio.paz (arroba) outlook.com | LinkedIn: linkedin.com/in/gregoriopaz

Objetivo
Senior consumado con mas de 6 años de experiencia en ingenieria de software y liderazgo de equipos. Buscando aprovechar mi experiencia en JavaScript y React y Angular para impulsar proyectos impactantes.

Educacion
Ingenieria en Sistemas de Informacion
Universidad de los Andes
Graduado: 2019

Habilidades Tecnicas
- Lenguajes: JavaScript
- Frameworks: React, Angular
- Bases de Datos: PostgreSQL
- Herramientas: TypeScript, CSS

Experiencia
frontend developer
CloudFin - Frontend, San Jose, Costa Rica
Septiembre 2022 - Presente
- Optimice el rendimiento de la aplicacion a traves de la refactorizacion de codigo y la indexacion de bases de datos.
- Desarrolle y mantuve aplicaciones web utilizando Django y React, mejorando el compromiso del usuario en un 30%.
Desarrollador Frontend
Nubeles - EdTech, San Jose, Costa Rica
Septiembre 2019 - 2022
- Desarrolle y mantuve aplicaciones web utilizando Django y React, mejorando el compromiso del usuario en un 30%.
- Optimice el rendimiento de la aplicacion a traves de la refactorizacion de codigo y la indexacion de bases de datos.

Proyectos
- Aplicacion de Blog: Desarrolle una plataforma de blogs con autenticacion de usuarios y gestion de contenido.
- Plataforma de Aprendizaje en Linea: Cree una plataforma full-stack utilizando Django y React, permitiendo inscripcion a cursos y seguimiento de progreso.

Certificaciones
- Meta Front-End Developer (Coursera)

Idiomas
Español: nativo.
Ingles B2 (lectura tecnica y reuniones).

Me apasiona el clean code y la mentoria de equipos.",Gregorio Paz,gregorio.paz@outlook.com,6,"JavaScript, React, Angular, PostgreSQL, TypeScript, CSS","Ingenieria en Sistemas de Informacion, Universidad de los Andes",derivado
test,"Renan Carvalho
Caracas, Venezuela | +57 208 2086 | renan.carvalho (arroba) gmail.com | LinkedIn: linkedin.com/in/renancarvalho

Objetivo
Profesional de ciencia de datos orientado a los detalles con 7 años de experiencia en desarrollo de software. Deseoso de contribuir a proyectos innovadores con Python y mejorar mis habilidades en un entorno colaborativo.

Educacion
Ingenieria en Sistemas de Informacion
Universidad Tecnologica Nacional
Graduado: 2017

Habilidades Tecnicas
- Lenguajes: Python, SQL
- Frameworks: Pandas, Scikit-learn
- Bases de Datos: PostgreSQL
- Herramientas: NumPy

Experiencia
Data Scientist
ByteForge - Ciencia de Datos, Caracas, Venezuela
Diciembre 2022 - Presente
- preprocese y analice grandes conjuntos de datos utilizando pandas y numpy.
- Diseñe e implemente modelos de aprendizaje automatico para analisis predictivo, mejorando los procesos de toma de decisiones.
- Colabore con ingenieros de datos para diseñar procesos ETL para la extraccion y transformacion de datos.
- Cree paneles interactivos utilizando Tableau para visualizar indicadores clave de rendimiento.
Cientifico de Datos
EduPlatform - Logistica, Caracas, Venezuela
Noviembre 2018 - 2022
- Desarrolle modelos predictivos utilizando Scikit-learn para pronosticar tendencias de ventas, resultando en un aumento del 15% en ingresos.
- Diseñe e implemente modelos de aprendizaje automatico para analisis predictivo, mejorando los procesos de toma de decisiones.

proyectos
- Modelo de Clasificacion de Imagenes: Desarrolle una red neuronal convolucional (CNN), logrando un 95% de precision en los datos de prueba.
- Modelo de Pronostico de Ventas: Construi un modelo de series temporales utilizando Python y ARIMA, mejorando la gestion de inventarios.

Certificaciones
- Professional Data Scientist (edX)

Idiomas
Español: nativo.
Ingles avanzado (C1).
Frances: b1.

Me apasiona el clean code y la mentoria de equipos.",Renan Carvalho,renan.carvalho@gmail.com,7,"Python, Pandas, Scikit-learn, PostgreSQL, NumPy, SQL","Ingenieria en Sistemas de Informacion, Universidad Tecnologica Nacional",derivado
test,"DANIELA PIZARRO
buenos aires, argentina | +65 820 5180 | daniela.pizarro@correo.com | github: github.com/danielapizarro

Objetivo
Devops e infraestructura orientado a resultados con mas de 8 años de experiencia en la construccion de aplicaciones web escalables. Buscando aprovechar mi experiencia en Bash y tecnologias en la nube para impulsar la innovacion en una empresa con vision de futuro.

Educacion
Ingenieria en Sistemas de Informacion
Universidad Nacional de Cordoba
Graduado: 2016

Habilidades Tecnicas
- Lenguajes: Bash
- Frameworks: Terraform, Ansible
- Bases de Datos: PostgreSQL
- Herramientas: Kubernetes, Python

Experiencia
DevOps Engineer
RetailHub - DevOps, Buenos Aires, Argentina
Enero 2021 - Presente
- Implemente infraestructura como codigo (IaC) utilizando Terraform, mejorando la escalabilidad y confiabilidad.
- Automatice procesos de despliegue utilizando Jenkins y Docker, reduciendo el tiempo de despliegue en un 50%.
- Colabore con equipos de desarrollo para asegurar la integracion fluida de aplicaciones.
Ingeniero DevOps / SRE
DataPagos - SaaS B2B, Buenos Aires, Argentina
Agosto 2017 - 2021
- Automatice procesos de despliegue utilizando Jenkins y Docker, reduciendo el tiempo de despliegue en un 50%.
- Administre clusters de Kubernetes y monitoreo con Prometheus.
- Implemente infraestructura como codigo (IaC) utilizando Terraform, mejorando la escalabilidad y confiabilidad.

Proyectos
- Sistema de Monitoreo: Desarrolle un sistema de monitoreo utilizando Python y Prometheus para rastrear el rendimiento y tiempo de actividad de la aplicacion.
- Implementacion de Pipeline de CI/CD: Diseñe e implemente un pipeline de CI/CD para una arquitectura de microservicios, mejorando la frecuencia de despliegue.

Certificaciones
- AWS DevOps Engineer - Professional

Idiomas
Espanol: nativo.
Ingles C2, casi nativo.
Italiano: a2.

Me apasiona el clean code y la mentoria de equipos.",Daniela Pizarro,daniela.pizarro@correo.com,8,"Bash, Terraform, Ansible, PostgreSQL, Kubernetes, Python","Ingenieria en Sistemas de Informacion, Universidad Nacional de Cordoba",derivado
